Workbook
Name SLC6A1: 'Imported Data'!$M$3:$M$1000
Name ZC4H2: 'Imported Data'!$G$3:$G$1000
Name Combined: 'Imported Data'!$S$3:$S$1000
Name MAPK8IP3: 'Imported Data'!$A$3:$A$1000

Sheet Gene URLs
A1: URL | B1: Gene
A2: https://docs.google.com/spreadsheets/d/1Spt8qYim4XPspej6XI67k_I63yauq9zr2pJnMcsXZSA/edit | B2: MAPK8IP3
A3: https://docs.google.com/spreadsheets/d/1RqToPiEtpgdNCmgHZvuiPqup_bsjIR1hzf4EP3GpPbg/edit | B3: ZC4H2
A4: https://docs.google.com/spreadsheets/d/1GhCK3NOBh3-48G6vkiPgGToNn9NYo1GQ7HDRjJAP89g/edit | B4: SLC6A1

Sheet Imported Data
A1: MAPK8IP3 | B1: {=INDEX('Gene URLs'!A2:A1000, MATCH(A1, 'Gene URLs'!B2:B1000, 0))} -> https://docs.google.com/spreadsheets/d/1Spt8qYim4XPspej6XI67k_I63yauq9zr2pJnMcsXZSA/edit | G1: ZC4H2 | H1: {=INDEX('Gene URLs'!A2:A1000, MATCH(G1, 'Gene URLs'!B2:B1000, 0))} -> https://docs.google.com/spreadsheets/d/1RqToPiEtpgdNCmgHZvuiPqup_bsjIR1hzf4EP3GpPbg/edit | M1: SLC6A1 | N1: {=INDEX('Gene URLs'!A2:A1000, MATCH(M1, 'Gene URLs'!B2:B1000, 0))} -> https://docs.google.com/spreadsheets/d/1GhCK3NOBh3-48G6vkiPgGToNn9NYo1GQ7HDRjJAP89g/edit | S1: Combined
A2: =IFERROR(__xludf.DUMMYFUNCTION("IMPORTRANGE(B1, ""Final Clinician Ranking!A:C"")"),"DrugBank:Main Name") -> DrugBank:Main Name | B2: =IFERROR(__xludf.DUMMYFUNCTION("""COMPUTED_VALUE"""),"Score") -> Score | C2: =IFERROR(__xludf.DUMMYFUNCTION("""COMPUTED_VALUE"""),"Pre-clinician Score") -> Pre-clinician Score | D2: =IFERROR(__xludf.DUMMYFUNCTION("IMPORTRANGE(B1, ""Final Clinician Ranking!L:M"")"),"Have It") -> Have It | E2: =IFERROR(__xludf.DUMMYFUNCTION("""COMPUTED_VALUE"""),"Screened It") -> Screened It | G2: =IFERROR(__xludf.DUMMYFUNCTION("IMPORTRANGE(H1, ""Final Clinician Ranking!A:C"")"),"DrugBank:Main Name") -> DrugBank:Main Name | H2: =IFERROR(__xludf.DUMMYFUNCTION("""COMPUTED_VALUE"""),"Score") -> Score | I2: =IFERROR(__xludf.DUMMYFUNCTION("""COMPUTED_VALUE"""),"Pre-clinician score") -> Pre-clinician score | J2: =IFERROR(__xludf.DUMMYFUNCTION("IMPORTRANGE(H1, ""Final Clinician Ranking!K:L"")"),"Have It") -> Have It | K2: =IFERROR(__xludf.DUMMYFUNCTION("""COMPUTED_VALUE"""),"Screened It") -> Screened It | M2: =IFERROR(__xludf.DUMMYFUNCTION("IMPORTRANGE(N1, ""Final Clinician Ranking!A:C"")"),"DrugBank:Main Name") -> DrugBank:Main Name | N2: =IFERROR(__xludf.DUMMYFUNCTION("""COMPUTED_VALUE"""),"Score") -> Score | O2: =IFERROR(__xludf.DUMMYFUNCTION("""COMPUTED_VALUE"""),"Pre-clinician score") -> Pre-clinician score | P2: =IFERROR(__xludf.DUMMYFUNCTION("IMPORTRANGE(N1, ""Final Clinician Ranking!L:M"")"),"Have It") -> Have It | Q2: =IFERROR(__xludf.DUMMYFUNCTION("""COMPUTED_VALUE"""),"Screened It") -> Screened It | S2: DrugBank:Main Name | T2: Score | U2: Pre-clinician score | V2: Have It
A3: =IFERROR(__xludf.DUMMYFUNCTION("""COMPUTED_VALUE"""),"Acetaminophen") -> Acetaminophen | B3: =IFERROR(__xludf.DUMMYFUNCTION("""COMPUTED_VALUE"""),6.0) -> 6 | C3: =IFERROR(__xludf.DUMMYFUNCTION("""COMPUTED_VALUE"""),3.0) -> 3 | D3: =IFERROR(__xludf.DUMMYFUNCTION("""COMPUTED_VALUE"""),FALSE) -> FALSE | E3: =IFERROR(__xludf.DUMMYFUNCTION("""COMPUTED_VALUE"""),TRUE) -> TRUE | G3: =IFERROR(__xludf.DUMMYFUNCTION("""COMPUTED_VALUE"""),"Acetaminophen") -> Acetaminophen | H3: =IFERROR(__xludf.DUMMYFUNCTION("""COMPUTED_VALUE"""),6.0) -> 6 | I3: =IFERROR(__xludf.DUMMYFUNCTION("""COMPUTED_VALUE"""),3.0) -> 3 | J3: =IFERROR(__xludf.DUMMYFUNCTION("""COMPUTED_VALUE"""),FALSE) -> FALSE | K3: =IFERROR(__xludf.DUMMYFUNCTION("""COMPUTED_VALUE"""),FALSE) -> FALSE | M3: =IFERROR(__xludf.DUMMYFUNCTION("""COMPUTED_VALUE"""),"Acamprosate") -> Acamprosate | N3: =IFERROR(__xludf.DUMMYFUNCTION("""COMPUTED_VALUE"""),1.0) -> 1 | O3: =IFERROR(__xludf.DUMMYFUNCTION("""COMPUTED_VALUE"""),3.0) -> 3 | P3: =IFERROR(__xludf.DUMMYFUNCTION("""COMPUTED_VALUE"""),FALSE) -> FALSE | Q3: =IFERROR(__xludf.DUMMYFUNCTION("""COMPUTED_VALUE"""),FALSE) -> FALSE | S3: {=SORT(UNIQUE({MAPK8IP3; ZC4H2; SLC6A1}))} -> Acamprosate | T3: {=XLOOKUP(S3, MAPK8IP3, B3:B1000, XLOOKUP(S3, ZC4H2, H3:H1000, XLOOKUP(S3, SLC6A1, N3:N1000)))} -> 1 | U3: {=XLOOKUP(S3, MAPK8IP3, C3:C1000, XLOOKUP(S3, ZC4H2, I3:I1000, XLOOKUP(S3, SLC6A1, O3:O1000)))} -> 3 | V3: {=XLOOKUP(S3, MAPK8IP3, D3:D1000, XLOOKUP(S3, ZC4H2, J3:J1000, XLOOKUP(S3, SLC6A1, P3:P1000)))} -> FALSE
A4: =IFERROR(__xludf.DUMMYFUNCTION("""COMPUTED_VALUE"""),"Acetylcysteine") -> Acetylcysteine | B4: =IFERROR(__xludf.DUMMYFUNCTION("""COMPUTED_VALUE"""),6.0) -> 6 | C4: =IFERROR(__xludf.DUMMYFUNCTION("""COMPUTED_VALUE"""),3.0) -> 3 | D4: =IFERROR(__xludf.DUMMYFUNCTION("""COMPUTED_VALUE"""),TRUE) -> TRUE | E4: =IFERROR(__xludf.DUMMYFUNCTION("""COMPUTED_VALUE"""),TRUE) -> TRUE | G4: =IFERROR(__xludf.DUMMYFUNCTION("""COMPUTED_VALUE"""),"Acetylcysteine") -> Acetylcysteine | H4: =IFERROR(__xludf.DUMMYFUNCTION("""COMPUTED_VALUE"""),6.0) -> 6 | I4: =IFERROR(__xludf.DUMMYFUNCTION("""COMPUTED_VALUE"""),3.0) -> 3 | J4: =IFERROR(__xludf.DUMMYFUNCTION("""COMPUTED_VALUE"""),TRUE) -> TRUE | K4: =IFERROR(__xludf.DUMMYFUNCTION("""COMPUTED_VALUE"""),FALSE) -> FALSE | M4: =IFERROR(__xludf.DUMMYFUNCTION("""COMPUTED_VALUE"""),"Acetaminophen") -> Acetaminophen | N4: =IFERROR(__xludf.DUMMYFUNCTION("""COMPUTED_VALUE"""),6.0) -> 6 | O4: =IFERROR(__xludf.DUMMYFUNCTION("""COMPUTED_VALUE"""),3.0) -> 3 | P4: =IFERROR(__xludf.DUMMYFUNCTION("""COMPUTED_VALUE"""),FALSE) -> FALSE | Q4: =IFERROR(__xludf.DUMMYFUNCTION("""COMPUTED_VALUE"""),FALSE) -> FALSE | S4: Acetaminophen | T4: {=XLOOKUP(S4, MAPK8IP3, B3:B1000, XLOOKUP(S4, ZC4H2, H3:H1000, XLOOKUP(S4, SLC6A1, N3:N1000)))} -> 6 | U4: {=XLOOKUP(S4, MAPK8IP3, C3:C1000, XLOOKUP(S4, ZC4H2, I3:I1000, XLOOKUP(S4, SLC6A1, O3:O1000)))} -> 3 | V4: {=XLOOKUP(S4, MAPK8IP3, D3:D1000, XLOOKUP(S4, ZC4H2, J3:J1000, XLOOKUP(S4, SLC6A1, P3:P1000)))} -> FALSE
A5: =IFERROR(__xludf.DUMMYFUNCTION("""COMPUTED_VALUE"""),"Amitriptyline") -> Amitriptyline | B5: =IFERROR(__xludf.DUMMYFUNCTION("""COMPUTED_VALUE"""),6.0) -> 6 | C5: =IFERROR(__xludf.DUMMYFUNCTION("""COMPUTED_VALUE"""),3.0) -> 3 | D5: =IFERROR(__xludf.DUMMYFUNCTION("""COMPUTED_VALUE"""),FALSE) -> FALSE | E5: =IFERROR(__xludf.DUMMYFUNCTION("""COMPUTED_VALUE"""),FALSE) -> FALSE | G5: =IFERROR(__xludf.DUMMYFUNCTION("""COMPUTED_VALUE"""),"Amitriptyline") -> Amitriptyline | H5: =IFERROR(__xludf.DUMMYFUNCTION("""COMPUTED_VALUE"""),6.0) -> 6 | I5: =IFERROR(__xludf.DUMMYFUNCTION("""COMPUTED_VALUE"""),3.0) -> 3 | J5: =IFERROR(__xludf.DUMMYFUNCTION("""COMPUTED_VALUE"""),FALSE) -> FALSE | K5: =IFERROR(__xludf.DUMMYFUNCTION("""COMPUTED_VALUE"""),FALSE) -> FALSE | M5: =IFERROR(__xludf.DUMMYFUNCTION("""COMPUTED_VALUE"""),"Acetylcysteine") -> Acetylcysteine | N5: =IFERROR(__xludf.DUMMYFUNCTION("""COMPUTED_VALUE"""),6.0) -> 6 | O5: =IFERROR(__xludf.DUMMYFUNCTION("""COMPUTED_VALUE"""),3.0) -> 3 | P5: =IFERROR(__xludf.DUMMYFUNCTION("""COMPUTED_VALUE"""),TRUE) -> TRUE | Q5: =IFERROR(__xludf.DUMMYFUNCTION("""COMPUTED_VALUE"""),FALSE) -> FALSE | S5: Acetylcysteine | T5: {=XLOOKUP(S5, MAPK8IP3, B3:B1000, XLOOKUP(S5, ZC4H2, H3:H1000, XLOOKUP(S5, SLC6A1, N3:N1000)))} -> 6 | U5: {=XLOOKUP(S5, MAPK8IP3, C3:C1000, XLOOKUP(S5, ZC4H2, I3:I1000, XLOOKUP(S5, SLC6A1, O3:O1000)))} -> 3 | V5: {=XLOOKUP(S5, MAPK8IP3, D3:D1000, XLOOKUP(S5, ZC4H2, J3:J1000, XLOOKUP(S5, SLC6A1, P3:P1000)))} -> TRUE
A6: =IFERROR(__xludf.DUMMYFUNCTION("""COMPUTED_VALUE"""),"Azelaic acid") -> Azelaic acid | B6: =IFERROR(__xludf.DUMMYFUNCTION("""COMPUTED_VALUE"""),6.0) -> 6 | C6: =IFERROR(__xludf.DUMMYFUNCTION("""COMPUTED_VALUE"""),3.0) -> 3 | D6: =IFERROR(__xludf.DUMMYFUNCTION("""COMPUTED_VALUE"""),FALSE) -> FALSE | E6: =IFERROR(__xludf.DUMMYFUNCTION("""COMPUTED_VALUE"""),FALSE) -> FALSE | G6: =IFERROR(__xludf.DUMMYFUNCTION("""COMPUTED_VALUE"""),"Betamethasone") -> Betamethasone | H6: =IFERROR(__xludf.DUMMYFUNCTION("""COMPUTED_VALUE"""),6.0) -> 6 | I6: =IFERROR(__xludf.DUMMYFUNCTION("""COMPUTED_VALUE"""),3.0) -> 3 | J6: =IFERROR(__xludf.DUMMYFUNCTION("""COMPUTED_VALUE"""),FALSE) -> FALSE | K6: =IFERROR(__xludf.DUMMYFUNCTION("""COMPUTED_VALUE"""),FALSE) -> FALSE | M6: =IFERROR(__xludf.DUMMYFUNCTION("""COMPUTED_VALUE"""),"Amantadine") -> Amantadine | N6: =IFERROR(__xludf.DUMMYFUNCTION("""COMPUTED_VALUE"""),2.0) -> 2 | O6: =IFERROR(__xludf.DUMMYFUNCTION("""COMPUTED_VALUE"""),3.0) -> 3 | P6: =IFERROR(__xludf.DUMMYFUNCTION("""COMPUTED_VALUE"""),TRUE) -> TRUE | Q6: =IFERROR(__xludf.DUMMYFUNCTION("""COMPUTED_VALUE"""),FALSE) -> FALSE | S6: Alfacalcidol | T6: {=XLOOKUP(S6, MAPK8IP3, B3:B1000, XLOOKUP(S6, ZC4H2, H3:H1000, XLOOKUP(S6, SLC6A1, N3:N1000)))} -> 3 | U6: {=XLOOKUP(S6, MAPK8IP3, C3:C1000, XLOOKUP(S6, ZC4H2, I3:I1000, XLOOKUP(S6, SLC6A1, O3:O1000)))} -> 3 | V6: {=XLOOKUP(S6, MAPK8IP3, D3:D1000, XLOOKUP(S6, ZC4H2, J3:J1000, XLOOKUP(S6, SLC6A1, P3:P1000)))} -> FALSE
A7: =IFERROR(__xludf.DUMMYFUNCTION("""COMPUTED_VALUE"""),"Betamethasone") -> Betamethasone | B7: =IFERROR(__xludf.DUMMYFUNCTION("""COMPUTED_VALUE"""),6.0) -> 6 | C7: =IFERROR(__xludf.DUMMYFUNCTION("""COMPUTED_VALUE"""),3.0) -> 3 | D7: =IFERROR(__xludf.DUMMYFUNCTION("""COMPUTED_VALUE"""),FALSE) -> FALSE | E7: =IFERROR(__xludf.DUMMYFUNCTION("""COMPUTED_VALUE"""),FALSE) -> FALSE | G7: =IFERROR(__xludf.DUMMYFUNCTION("""COMPUTED_VALUE"""),"Biotin") -> Biotin | H7: =IFERROR(__xludf.DUMMYFUNCTION("""COMPUTED_VALUE"""),6.0) -> 6 | I7: =IFERROR(__xludf.DUMMYFUNCTION("""COMPUTED_VALUE"""),3.0) -> 3 | J7: =IFERROR(__xludf.DUMMYFUNCTION("""COMPUTED_VALUE"""),FALSE) -> FALSE | K7: =IFERROR(__xludf.DUMMYFUNCTION("""COMPUTED_VALUE"""),FALSE) -> FALSE | M7: =IFERROR(__xludf.DUMMYFUNCTION("""COMPUTED_VALUE"""),"Amitriptyline") -> Amitriptyline | N7: =IFERROR(__xludf.DUMMYFUNCTION("""COMPUTED_VALUE"""),6.0) -> 6 | O7: =IFERROR(__xludf.DUMMYFUNCTION("""COMPUTED_VALUE"""),3.0) -> 3 | P7: =IFERROR(__xludf.DUMMYFUNCTION("""COMPUTED_VALUE"""),FALSE) -> FALSE | Q7: =IFERROR(__xludf.DUMMYFUNCTION("""COMPUTED_VALUE"""),FALSE) -> FALSE | S7: Alfentanil | T7: {=XLOOKUP(S7, MAPK8IP3, B3:B1000, XLOOKUP(S7, ZC4H2, H3:H1000, XLOOKUP(S7, SLC6A1, N3:N1000)))} -> 0 | U7: {=XLOOKUP(S7, MAPK8IP3, C3:C1000, XLOOKUP(S7, ZC4H2, I3:I1000, XLOOKUP(S7, SLC6A1, O3:O1000)))} -> 3 | V7: {=XLOOKUP(S7, MAPK8IP3, D3:D1000, XLOOKUP(S7, ZC4H2, J3:J1000, XLOOKUP(S7, SLC6A1, P3:P1000)))} -> FALSE
A8: =IFERROR(__xludf.DUMMYFUNCTION("""COMPUTED_VALUE"""),"Biotin") -> Biotin | B8: =IFERROR(__xludf.DUMMYFUNCTION("""COMPUTED_VALUE"""),6.0) -> 6 | C8: =IFERROR(__xludf.DUMMYFUNCTION("""COMPUTED_VALUE"""),3.0) -> 3 | D8: =IFERROR(__xludf.DUMMYFUNCTION("""COMPUTED_VALUE"""),FALSE) -> FALSE | E8: =IFERROR(__xludf.DUMMYFUNCTION("""COMPUTED_VALUE"""),FALSE) -> FALSE | G8: =IFERROR(__xludf.DUMMYFUNCTION("""COMPUTED_VALUE"""),"Budesonide") -> Budesonide | H8: =IFERROR(__xludf.DUMMYFUNCTION("""COMPUTED_VALUE"""),6.0) -> 6 | I8: =IFERROR(__xludf.DUMMYFUNCTION("""COMPUTED_VALUE"""),3.0) -> 3 | J8: =IFERROR(__xludf.DUMMYFUNCTION("""COMPUTED_VALUE"""),FALSE) -> FALSE | K8: =IFERROR(__xludf.DUMMYFUNCTION("""COMPUTED_VALUE"""),FALSE) -> FALSE | M8: =IFERROR(__xludf.DUMMYFUNCTION("""COMPUTED_VALUE"""),"Anakinra") -> Anakinra | N8: =IFERROR(__xludf.DUMMYFUNCTION("""COMPUTED_VALUE"""),2.0) -> 2 | O8: =IFERROR(__xludf.DUMMYFUNCTION("""COMPUTED_VALUE"""),3.0) -> 3 | P8: =IFERROR(__xludf.DUMMYFUNCTION("""COMPUTED_VALUE"""),FALSE) -> FALSE | Q8: =IFERROR(__xludf.DUMMYFUNCTION("""COMPUTED_VALUE"""),FALSE) -> FALSE | S8: Amantadine | T8: {=XLOOKUP(S8, MAPK8IP3, B3:B1000, XLOOKUP(S8, ZC4H2, H3:H1000, XLOOKUP(S8, SLC6A1, N3:N1000)))} -> 2 | U8: {=XLOOKUP(S8, MAPK8IP3, C3:C1000, XLOOKUP(S8, ZC4H2, I3:I1000, XLOOKUP(S8, SLC6A1, O3:O1000)))} -> 3 | V8: {=XLOOKUP(S8, MAPK8IP3, D3:D1000, XLOOKUP(S8, ZC4H2, J3:J1000, XLOOKUP(S8, SLC6A1, P3:P1000)))} -> TRUE
A9: =IFERROR(__xludf.DUMMYFUNCTION("""COMPUTED_VALUE"""),"Budesonide") -> Budesonide | B9: =IFERROR(__xludf.DUMMYFUNCTION("""COMPUTED_VALUE"""),6.0) -> 6 | C9: =IFERROR(__xludf.DUMMYFUNCTION("""COMPUTED_VALUE"""),3.0) -> 3 | D9: =IFERROR(__xludf.DUMMYFUNCTION("""COMPUTED_VALUE"""),FALSE) -> FALSE | E9: =IFERROR(__xludf.DUMMYFUNCTION("""COMPUTED_VALUE"""),FALSE) -> FALSE | G9: =IFERROR(__xludf.DUMMYFUNCTION("""COMPUTED_VALUE"""),"Buspirone") -> Buspirone | H9: =IFERROR(__xludf.DUMMYFUNCTION("""COMPUTED_VALUE"""),6.0) -> 6 | I9: =IFERROR(__xludf.DUMMYFUNCTION("""COMPUTED_VALUE"""),3.0) -> 3 | J9: =IFERROR(__xludf.DUMMYFUNCTION("""COMPUTED_VALUE"""),TRUE) -> TRUE | K9: =IFERROR(__xludf.DUMMYFUNCTION("""COMPUTED_VALUE"""),FALSE) -> FALSE | M9: =IFERROR(__xludf.DUMMYFUNCTION("""COMPUTED_VALUE"""),"Arsenic trioxide") -> Arsenic trioxide | N9: =IFERROR(__xludf.DUMMYFUNCTION("""COMPUTED_VALUE"""),1.0) -> 1 | O9: =IFERROR(__xludf.DUMMYFUNCTION("""COMPUTED_VALUE"""),3.0) -> 3 | P9: =IFERROR(__xludf.DUMMYFUNCTION("""COMPUTED_VALUE"""),FALSE) -> FALSE | Q9: =IFERROR(__xludf.DUMMYFUNCTION("""COMPUTED_VALUE"""),FALSE) -> FALSE | S9: Amitriptyline | T9: {=XLOOKUP(S9, MAPK8IP3, B3:B1000, XLOOKUP(S9, ZC4H2, H3:H1000, XLOOKUP(S9, SLC6A1, N3:N1000)))} -> 6 | U9: {=XLOOKUP(S9, MAPK8IP3, C3:C1000, XLOOKUP(S9, ZC4H2, I3:I1000, XLOOKUP(S9, SLC6A1, O3:O1000)))} -> 3 | V9: {=XLOOKUP(S9, MAPK8IP3, D3:D1000, XLOOKUP(S9, ZC4H2, J3:J1000, XLOOKUP(S9, SLC6A1, P3:P1000)))} -> FALSE
A10: =IFERROR(__xludf.DUMMYFUNCTION("""COMPUTED_VALUE"""),"Buspirone") -> Buspirone | B10: =IFERROR(__xludf.DUMMYFUNCTION("""COMPUTED_VALUE"""),6.0) -> 6 | C10: =IFERROR(__xludf.DUMMYFUNCTION("""COMPUTED_VALUE"""),3.0) -> 3 | D10: =IFERROR(__xludf.DUMMYFUNCTION("""COMPUTED_VALUE"""),TRUE) -> TRUE | E10: =IFERROR(__xludf.DUMMYFUNCTION("""COMPUTED_VALUE"""),TRUE) -> TRUE | G10: =IFERROR(__xludf.DUMMYFUNCTION("""COMPUTED_VALUE"""),"Clindamycin") -> Clindamycin | H10: =IFERROR(__xludf.DUMMYFUNCTION("""COMPUTED_VALUE"""),6.0) -> 6 | I10: =IFERROR(__xludf.DUMMYFUNCTION("""COMPUTED_VALUE"""),3.0) -> 3 | J10: =IFERROR(__xludf.DUMMYFUNCTION("""COMPUTED_VALUE"""),FALSE) -> FALSE | K10: =IFERROR(__xludf.DUMMYFUNCTION("""COMPUTED_VALUE"""),FALSE) -> FALSE | M10: =IFERROR(__xludf.DUMMYFUNCTION("""COMPUTED_VALUE"""),"Atomoxetine") -> Atomoxetine | N10: =IFERROR(__xludf.DUMMYFUNCTION("""COMPUTED_VALUE"""),5.0) -> 5 | O10: =IFERROR(__xludf.DUMMYFUNCTION("""COMPUTED_VALUE"""),3.0) -> 3 | P10: =IFERROR(__xludf.DUMMYFUNCTION("""COMPUTED_VALUE"""),FALSE) -> FALSE | Q10: =IFERROR(__xludf.DUMMYFUNCTION("""COMPUTED_VALUE"""),FALSE) -> FALSE | S10: Anakinra | T10: {=XLOOKUP(S10, MAPK8IP3, B3:B1000, XLOOKUP(S10, ZC4H2, H3:H1000, XLOOKUP(S10, SLC6A1, N3:N1000)))} -> 2 | U10: {=XLOOKUP(S10, MAPK8IP3, C3:C1000, XLOOKUP(S10, ZC4H2, I3:I1000, XLOOKUP(S10, SLC6A1, O3:O1000)))} -> 3 | V10: {=XLOOKUP(S10, MAPK8IP3, D3:D1000, XLOOKUP(S10, ZC4H2, J3:J1000, XLOOKUP(S10, SLC6A1, P3:P1000)))} -> FALSE
A11: =IFERROR(__xludf.DUMMYFUNCTION("""COMPUTED_VALUE"""),"Citalopram") -> Citalopram | B11: =IFERROR(__xludf.DUMMYFUNCTION("""COMPUTED_VALUE"""),6.0) -> 6 | C11: =IFERROR(__xludf.DUMMYFUNCTION("""COMPUTED_VALUE"""),3.0) -> 3 | D11: =IFERROR(__xludf.DUMMYFUNCTION("""COMPUTED_VALUE"""),TRUE) -> TRUE | E11: =IFERROR(__xludf.DUMMYFUNCTION("""COMPUTED_VALUE"""),TRUE) -> TRUE | G11: =IFERROR(__xludf.DUMMYFUNCTION("""COMPUTED_VALUE"""),"Clonidine") -> Clonidine | H11: =IFERROR(__xludf.DUMMYFUNCTION("""COMPUTED_VALUE"""),6.0) -> 6 | I11: =IFERROR(__xludf.DUMMYFUNCTION("""COMPUTED_VALUE"""),3.0) -> 3 | J11: =IFERROR(__xludf.DUMMYFUNCTION("""COMPUTED_VALUE"""),FALSE) -> FALSE | K11: =IFERROR(__xludf.DUMMYFUNCTION("""COMPUTED_VALUE"""),FALSE) -> FALSE | M11: =IFERROR(__xludf.DUMMYFUNCTION("""COMPUTED_VALUE"""),"Baclofen") -> Baclofen | N11: =IFERROR(__xludf.DUMMYFUNCTION("""COMPUTED_VALUE"""),3.0) -> 3 | O11: =IFERROR(__xludf.DUMMYFUNCTION("""COMPUTED_VALUE"""),3.0) -> 3 | P11: =IFERROR(__xludf.DUMMYFUNCTION("""COMPUTED_VALUE"""),TRUE) -> TRUE | Q11: =IFERROR(__xludf.DUMMYFUNCTION("""COMPUTED_VALUE"""),FALSE) -> FALSE | S11: Anidulafungin | T11: {=XLOOKUP(S11, MAPK8IP3, B3:B1000, XLOOKUP(S11, ZC4H2, H3:H1000, XLOOKUP(S11, SLC6A1, N3:N1000)))} -> 0 | U11: {=XLOOKUP(S11, MAPK8IP3, C3:C1000, XLOOKUP(S11, ZC4H2, I3:I1000, XLOOKUP(S11, SLC6A1, O3:O1000)))} -> 3 | V11: {=XLOOKUP(S11, MAPK8IP3, D3:D1000, XLOOKUP(S11, ZC4H2, J3:J1000, XLOOKUP(S11, SLC6A1, P3:P1000)))} -> FALSE
A12: =IFERROR(__xludf.DUMMYFUNCTION("""COMPUTED_VALUE"""),"Clonidine") -> Clonidine | B12: =IFERROR(__xludf.DUMMYFUNCTION("""COMPUTED_VALUE"""),6.0) -> 6 | C12: =IFERROR(__xludf.DUMMYFUNCTION("""COMPUTED_VALUE"""),3.0) -> 3 | D12: =IFERROR(__xludf.DUMMYFUNCTION("""COMPUTED_VALUE"""),FALSE) -> FALSE | E12: =IFERROR(__xludf.DUMMYFUNCTION("""COMPUTED_VALUE"""),FALSE) -> FALSE | G12: =IFERROR(__xludf.DUMMYFUNCTION("""COMPUTED_VALUE"""),"Cyproheptadine") -> Cyproheptadine | H12: =IFERROR(__xludf.DUMMYFUNCTION("""COMPUTED_VALUE"""),6.0) -> 6 | I12: =IFERROR(__xludf.DUMMYFUNCTION("""COMPUTED_VALUE"""),3.0) -> 3 | J12: =IFERROR(__xludf.DUMMYFUNCTION("""COMPUTED_VALUE"""),FALSE) -> FALSE | K12: =IFERROR(__xludf.DUMMYFUNCTION("""COMPUTED_VALUE"""),FALSE) -> FALSE | M12: =IFERROR(__xludf.DUMMYFUNCTION("""COMPUTED_VALUE"""),"Betamethasone") -> Betamethasone | N12: =IFERROR(__xludf.DUMMYFUNCTION("""COMPUTED_VALUE"""),6.0) -> 6 | O12: =IFERROR(__xludf.DUMMYFUNCTION("""COMPUTED_VALUE"""),3.0) -> 3 | P12: =IFERROR(__xludf.DUMMYFUNCTION("""COMPUTED_VALUE"""),FALSE) -> FALSE | Q12: =IFERROR(__xludf.DUMMYFUNCTION("""COMPUTED_VALUE"""),FALSE) -> FALSE | S12: Apraclonidine | T12: {=XLOOKUP(S12, MAPK8IP3, B3:B1000, XLOOKUP(S12, ZC4H2, H3:H1000, XLOOKUP(S12, SLC6A1, N3:N1000)))} -> 1 | U12: {=XLOOKUP(S12, MAPK8IP3, C3:C1000, XLOOKUP(S12, ZC4H2, I3:I1000, XLOOKUP(S12, SLC6A1, O3:O1000)))} -> 3 | V12: {=XLOOKUP(S12, MAPK8IP3, D3:D1000, XLOOKUP(S12, ZC4H2, J3:J1000, XLOOKUP(S12, SLC6A1, P3:P1000)))} -> FALSE
A13: =IFERROR(__xludf.DUMMYFUNCTION("""COMPUTED_VALUE"""),"Cyproheptadine") -> Cyproheptadine | B13: =IFERROR(__xludf.DUMMYFUNCTION("""COMPUTED_VALUE"""),6.0) -> 6 | C13: =IFERROR(__xludf.DUMMYFUNCTION("""COMPUTED_VALUE"""),3.0) -> 3 | D13: =IFERROR(__xludf.DUMMYFUNCTION("""COMPUTED_VALUE"""),FALSE) -> FALSE | E13: =IFERROR(__xludf.DUMMYFUNCTION("""COMPUTED_VALUE"""),FALSE) -> FALSE | G13: =IFERROR(__xludf.DUMMYFUNCTION("""COMPUTED_VALUE"""),"Desvenlafaxine") -> Desvenlafaxine | H13: =IFERROR(__xludf.DUMMYFUNCTION("""COMPUTED_VALUE"""),6.0) -> 6 | I13: =IFERROR(__xludf.DUMMYFUNCTION("""COMPUTED_VALUE"""),3.0) -> 3 | J13: =IFERROR(__xludf.DUMMYFUNCTION("""COMPUTED_VALUE"""),FALSE) -> FALSE | K13: =IFERROR(__xludf.DUMMYFUNCTION("""COMPUTED_VALUE"""),FALSE) -> FALSE | M13: =IFERROR(__xludf.DUMMYFUNCTION("""COMPUTED_VALUE"""),"Biotin") -> Biotin | N13: =IFERROR(__xludf.DUMMYFUNCTION("""COMPUTED_VALUE"""),6.0) -> 6 | O13: =IFERROR(__xludf.DUMMYFUNCTION("""COMPUTED_VALUE"""),3.0) -> 3 | P13: =IFERROR(__xludf.DUMMYFUNCTION("""COMPUTED_VALUE"""),FALSE) -> FALSE | Q13: =IFERROR(__xludf.DUMMYFUNCTION("""COMPUTED_VALUE"""),FALSE) -> FALSE | S13: Arsenic trioxide | T13: {=XLOOKUP(S13, MAPK8IP3, B3:B1000, XLOOKUP(S13, ZC4H2, H3:H1000, XLOOKUP(S13, SLC6A1, N3:N1000)))} -> 1 | U13: {=XLOOKUP(S13, MAPK8IP3, C3:C1000, XLOOKUP(S13, ZC4H2, I3:I1000, XLOOKUP(S13, SLC6A1, O3:O1000)))} -> 3 | V13: {=XLOOKUP(S13, MAPK8IP3, D3:D1000, XLOOKUP(S13, ZC4H2, J3:J1000, XLOOKUP(S13, SLC6A1, P3:P1000)))} -> FALSE
A14: =IFERROR(__xludf.DUMMYFUNCTION("""COMPUTED_VALUE"""),"Dantrolene") -> Dantrolene | B14: =IFERROR(__xludf.DUMMYFUNCTION("""COMPUTED_VALUE"""),6.0) -> 6 | C14: =IFERROR(__xludf.DUMMYFUNCTION("""COMPUTED_VALUE"""),3.0) -> 3 | D14: =IFERROR(__xludf.DUMMYFUNCTION("""COMPUTED_VALUE"""),TRUE) -> TRUE | E14: =IFERROR(__xludf.DUMMYFUNCTION("""COMPUTED_VALUE"""),TRUE) -> TRUE | G14: =IFERROR(__xludf.DUMMYFUNCTION("""COMPUTED_VALUE"""),"Escitalopram") -> Escitalopram | H14: =IFERROR(__xludf.DUMMYFUNCTION("""COMPUTED_VALUE"""),6.0) -> 6 | I14: =IFERROR(__xludf.DUMMYFUNCTION("""COMPUTED_VALUE"""),3.0) -> 3 | J14: =IFERROR(__xludf.DUMMYFUNCTION("""COMPUTED_VALUE"""),TRUE) -> TRUE | K14: =IFERROR(__xludf.DUMMYFUNCTION("""COMPUTED_VALUE"""),FALSE) -> FALSE | M14: =IFERROR(__xludf.DUMMYFUNCTION("""COMPUTED_VALUE"""),"Bisoprolol") -> Bisoprolol | N14: =IFERROR(__xludf.DUMMYFUNCTION("""COMPUTED_VALUE"""),2.0) -> 2 | O14: =IFERROR(__xludf.DUMMYFUNCTION("""COMPUTED_VALUE"""),3.0) -> 3 | P14: =IFERROR(__xludf.DUMMYFUNCTION("""COMPUTED_VALUE"""),FALSE) -> FALSE | Q14: =IFERROR(__xludf.DUMMYFUNCTION("""COMPUTED_VALUE"""),FALSE) -> FALSE | S14: Atomoxetine | T14: {=XLOOKUP(S14, MAPK8IP3, B3:B1000, XLOOKUP(S14, ZC4H2, H3:H1000, XLOOKUP(S14, SLC6A1, N3:N1000)))} -> 5 | U14: {=XLOOKUP(S14, MAPK8IP3, C3:C1000, XLOOKUP(S14, ZC4H2, I3:I1000, XLOOKUP(S14, SLC6A1, O3:O1000)))} -> 3 | V14: {=XLOOKUP(S14, MAPK8IP3, D3:D1000, XLOOKUP(S14, ZC4H2, J3:J1000, XLOOKUP(S14, SLC6A1, P3:P1000)))} -> FALSE
A15: =IFERROR(__xludf.DUMMYFUNCTION("""COMPUTED_VALUE"""),"Desvenlafaxine") -> Desvenlafaxine | B15: =IFERROR(__xludf.DUMMYFUNCTION("""COMPUTED_VALUE"""),6.0) -> 6 | C15: =IFERROR(__xludf.DUMMYFUNCTION("""COMPUTED_VALUE"""),3.0) -> 3 | D15: =IFERROR(__xludf.DUMMYFUNCTION("""COMPUTED_VALUE"""),FALSE) -> FALSE | E15: =IFERROR(__xludf.DUMMYFUNCTION("""COMPUTED_VALUE"""),FALSE) -> FALSE | G15: =IFERROR(__xludf.DUMMYFUNCTION("""COMPUTED_VALUE"""),"Fluvoxamine") -> Fluvoxamine | H15: =IFERROR(__xludf.DUMMYFUNCTION("""COMPUTED_VALUE"""),6.0) -> 6 | I15: =IFERROR(__xludf.DUMMYFUNCTION("""COMPUTED_VALUE"""),3.0) -> 3 | J15: =IFERROR(__xludf.DUMMYFUNCTION("""COMPUTED_VALUE"""),TRUE) -> TRUE | K15: =IFERROR(__xludf.DUMMYFUNCTION("""COMPUTED_VALUE"""),FALSE) -> FALSE | M15: =IFERROR(__xludf.DUMMYFUNCTION("""COMPUTED_VALUE"""),"Budesonide") -> Budesonide | N15: =IFERROR(__xludf.DUMMYFUNCTION("""COMPUTED_VALUE"""),6.0) -> 6 | O15: =IFERROR(__xludf.DUMMYFUNCTION("""COMPUTED_VALUE"""),3.0) -> 3 | P15: =IFERROR(__xludf.DUMMYFUNCTION("""COMPUTED_VALUE"""),FALSE) -> FALSE | Q15: =IFERROR(__xludf.DUMMYFUNCTION("""COMPUTED_VALUE"""),FALSE) -> FALSE | S15: Azelaic acid | T15: {=XLOOKUP(S15, MAPK8IP3, B3:B1000, XLOOKUP(S15, ZC4H2, H3:H1000, XLOOKUP(S15, SLC6A1, N3:N1000)))} -> 6 | U15: {=XLOOKUP(S15, MAPK8IP3, C3:C1000, XLOOKUP(S15, ZC4H2, I3:I1000, XLOOKUP(S15, SLC6A1, O3:O1000)))} -> 3 | V15: {=XLOOKUP(S15, MAPK8IP3, D3:D1000, XLOOKUP(S15, ZC4H2, J3:J1000, XLOOKUP(S15, SLC6A1, P3:P1000)))} -> FALSE
A16: =IFERROR(__xludf.DUMMYFUNCTION("""COMPUTED_VALUE"""),"Escitalopram") -> Escitalopram | B16: =IFERROR(__xludf.DUMMYFUNCTION("""COMPUTED_VALUE"""),6.0) -> 6 | C16: =IFERROR(__xludf.DUMMYFUNCTION("""COMPUTED_VALUE"""),3.0) -> 3 | D16: =IFERROR(__xludf.DUMMYFUNCTION("""COMPUTED_VALUE"""),TRUE) -> TRUE | E16: =IFERROR(__xludf.DUMMYFUNCTION("""COMPUTED_VALUE"""),TRUE) -> TRUE | G16: =IFERROR(__xludf.DUMMYFUNCTION("""COMPUTED_VALUE"""),"Gabapentin") -> Gabapentin | H16: =IFERROR(__xludf.DUMMYFUNCTION("""COMPUTED_VALUE"""),6.0) -> 6 | I16: =IFERROR(__xludf.DUMMYFUNCTION("""COMPUTED_VALUE"""),3.0) -> 3 | J16: =IFERROR(__xludf.DUMMYFUNCTION("""COMPUTED_VALUE"""),TRUE) -> TRUE | K16: =IFERROR(__xludf.DUMMYFUNCTION("""COMPUTED_VALUE"""),FALSE) -> FALSE | M16: =IFERROR(__xludf.DUMMYFUNCTION("""COMPUTED_VALUE"""),"Buspirone") -> Buspirone | N16: =IFERROR(__xludf.DUMMYFUNCTION("""COMPUTED_VALUE"""),6.0) -> 6 | O16: =IFERROR(__xludf.DUMMYFUNCTION("""COMPUTED_VALUE"""),3.0) -> 3 | P16: =IFERROR(__xludf.DUMMYFUNCTION("""COMPUTED_VALUE"""),TRUE) -> TRUE | Q16: =IFERROR(__xludf.DUMMYFUNCTION("""COMPUTED_VALUE"""),FALSE) -> FALSE | S16: Baclofen | T16: {=XLOOKUP(S16, MAPK8IP3, B3:B1000, XLOOKUP(S16, ZC4H2, H3:H1000, XLOOKUP(S16, SLC6A1, N3:N1000)))} -> 3 | U16: {=XLOOKUP(S16, MAPK8IP3, C3:C1000, XLOOKUP(S16, ZC4H2, I3:I1000, XLOOKUP(S16, SLC6A1, O3:O1000)))} -> 3 | V16: {=XLOOKUP(S16, MAPK8IP3, D3:D1000, XLOOKUP(S16, ZC4H2, J3:J1000, XLOOKUP(S16, SLC6A1, P3:P1000)))} -> TRUE
A17: =IFERROR(__xludf.DUMMYFUNCTION("""COMPUTED_VALUE"""),"Fluvoxamine") -> Fluvoxamine | B17: =IFERROR(__xludf.DUMMYFUNCTION("""COMPUTED_VALUE"""),6.0) -> 6 | C17: =IFERROR(__xludf.DUMMYFUNCTION("""COMPUTED_VALUE"""),3.0) -> 3 | D17: =IFERROR(__xludf.DUMMYFUNCTION("""COMPUTED_VALUE"""),TRUE) -> TRUE | E17: =IFERROR(__xludf.DUMMYFUNCTION("""COMPUTED_VALUE"""),TRUE) -> TRUE | G17: =IFERROR(__xludf.DUMMYFUNCTION("""COMPUTED_VALUE"""),"Glutamic acid") -> Glutamic acid | H17: =IFERROR(__xludf.DUMMYFUNCTION("""COMPUTED_VALUE"""),6.0) -> 6 | I17: =IFERROR(__xludf.DUMMYFUNCTION("""COMPUTED_VALUE"""),3.0) -> 3 | J17: =IFERROR(__xludf.DUMMYFUNCTION("""COMPUTED_VALUE"""),FALSE) -> FALSE | K17: =IFERROR(__xludf.DUMMYFUNCTION("""COMPUTED_VALUE"""),FALSE) -> FALSE | M17: =IFERROR(__xludf.DUMMYFUNCTION("""COMPUTED_VALUE"""),"Butorphanol") -> Butorphanol | N17: =IFERROR(__xludf.DUMMYFUNCTION("""COMPUTED_VALUE"""),1.0) -> 1 | O17: =IFERROR(__xludf.DUMMYFUNCTION("""COMPUTED_VALUE"""),3.0) -> 3 | P17: =IFERROR(__xludf.DUMMYFUNCTION("""COMPUTED_VALUE"""),FALSE) -> FALSE | Q17: =IFERROR(__xludf.DUMMYFUNCTION("""COMPUTED_VALUE"""),FALSE) -> FALSE | S17: Bepotastine | T17: {=XLOOKUP(S17, MAPK8IP3, B3:B1000, XLOOKUP(S17, ZC4H2, H3:H1000, XLOOKUP(S17, SLC6A1, N3:N1000)))} -> 2 | U17: {=XLOOKUP(S17, MAPK8IP3, C3:C1000, XLOOKUP(S17, ZC4H2, I3:I1000, XLOOKUP(S17, SLC6A1, O3:O1000)))} -> 3 | V17: {=XLOOKUP(S17, MAPK8IP3, D3:D1000, XLOOKUP(S17, ZC4H2, J3:J1000, XLOOKUP(S17, SLC6A1, P3:P1000)))} -> FALSE
A18: =IFERROR(__xludf.DUMMYFUNCTION("""COMPUTED_VALUE"""),"Gabapentin") -> Gabapentin | B18: =IFERROR(__xludf.DUMMYFUNCTION("""COMPUTED_VALUE"""),6.0) -> 6 | C18: =IFERROR(__xludf.DUMMYFUNCTION("""COMPUTED_VALUE"""),3.0) -> 3 | D18: =IFERROR(__xludf.DUMMYFUNCTION("""COMPUTED_VALUE"""),TRUE) -> TRUE | E18: =IFERROR(__xludf.DUMMYFUNCTION("""COMPUTED_VALUE"""),TRUE) -> TRUE | G18: =IFERROR(__xludf.DUMMYFUNCTION("""COMPUTED_VALUE"""),"Hydroxyzine") -> Hydroxyzine | H18: =IFERROR(__xludf.DUMMYFUNCTION("""COMPUTED_VALUE"""),6.0) -> 6 | I18: =IFERROR(__xludf.DUMMYFUNCTION("""COMPUTED_VALUE"""),3.0) -> 3 | J18: =IFERROR(__xludf.DUMMYFUNCTION("""COMPUTED_VALUE"""),FALSE) -> FALSE | K18: =IFERROR(__xludf.DUMMYFUNCTION("""COMPUTED_VALUE"""),FALSE) -> FALSE | M18: =IFERROR(__xludf.DUMMYFUNCTION("""COMPUTED_VALUE"""),"Calcitriol") -> Calcitriol | N18: =IFERROR(__xludf.DUMMYFUNCTION("""COMPUTED_VALUE"""),5.0) -> 5 | O18: =IFERROR(__xludf.DUMMYFUNCTION("""COMPUTED_VALUE"""),3.0) -> 3 | P18: =IFERROR(__xludf.DUMMYFUNCTION("""COMPUTED_VALUE"""),FALSE) -> FALSE | Q18: =IFERROR(__xludf.DUMMYFUNCTION("""COMPUTED_VALUE"""),FALSE) -> FALSE | S18: Betamethasone | T18: {=XLOOKUP(S18, MAPK8IP3, B3:B1000, XLOOKUP(S18, ZC4H2, H3:H1000, XLOOKUP(S18, SLC6A1, N3:N1000)))} -> 6 | U18: {=XLOOKUP(S18, MAPK8IP3, C3:C1000, XLOOKUP(S18, ZC4H2, I3:I1000, XLOOKUP(S18, SLC6A1, O3:O1000)))} -> 3 | V18: {=XLOOKUP(S18, MAPK8IP3, D3:D1000, XLOOKUP(S18, ZC4H2, J3:J1000, XLOOKUP(S18, SLC6A1, P3:P1000)))} -> FALSE
A19: =IFERROR(__xludf.DUMMYFUNCTION("""COMPUTED_VALUE"""),"Glutamic acid") -> Glutamic acid | B19: =IFERROR(__xludf.DUMMYFUNCTION("""COMPUTED_VALUE"""),6.0) -> 6 | C19: =IFERROR(__xludf.DUMMYFUNCTION("""COMPUTED_VALUE"""),3.0) -> 3 | D19: =IFERROR(__xludf.DUMMYFUNCTION("""COMPUTED_VALUE"""),FALSE) -> FALSE | E19: =IFERROR(__xludf.DUMMYFUNCTION("""COMPUTED_VALUE"""),FALSE) -> FALSE | G19: =IFERROR(__xludf.DUMMYFUNCTION("""COMPUTED_VALUE"""),"Loratadine") -> Loratadine | H19: =IFERROR(__xludf.DUMMYFUNCTION("""COMPUTED_VALUE"""),6.0) -> 6 | I19: =IFERROR(__xludf.DUMMYFUNCTION("""COMPUTED_VALUE"""),3.0) -> 3 | J19: =IFERROR(__xludf.DUMMYFUNCTION("""COMPUTED_VALUE"""),FALSE) -> FALSE | K19: =IFERROR(__xludf.DUMMYFUNCTION("""COMPUTED_VALUE"""),FALSE) -> FALSE | M19: =IFERROR(__xludf.DUMMYFUNCTION("""COMPUTED_VALUE"""),"Captopril") -> Captopril | N19: =IFERROR(__xludf.DUMMYFUNCTION("""COMPUTED_VALUE"""),5.0) -> 5 | O19: =IFERROR(__xludf.DUMMYFUNCTION("""COMPUTED_VALUE"""),3.0) -> 3 | P19: =IFERROR(__xludf.DUMMYFUNCTION("""COMPUTED_VALUE"""),TRUE) -> TRUE | Q19: =IFERROR(__xludf.DUMMYFUNCTION("""COMPUTED_VALUE"""),FALSE) -> FALSE | S19: Biotin | T19: {=XLOOKUP(S19, MAPK8IP3, B3:B1000, XLOOKUP(S19, ZC4H2, H3:H1000, XLOOKUP(S19, SLC6A1, N3:N1000)))} -> 6 | U19: {=XLOOKUP(S19, MAPK8IP3, C3:C1000, XLOOKUP(S19, ZC4H2, I3:I1000, XLOOKUP(S19, SLC6A1, O3:O1000)))} -> 3 | V19: {=XLOOKUP(S19, MAPK8IP3, D3:D1000, XLOOKUP(S19, ZC4H2, J3:J1000, XLOOKUP(S19, SLC6A1, P3:P1000)))} -> FALSE
A20: =IFERROR(__xludf.DUMMYFUNCTION("""COMPUTED_VALUE"""),"Loratadine") -> Loratadine | B20: =IFERROR(__xludf.DUMMYFUNCTION("""COMPUTED_VALUE"""),6.0) -> 6 | C20: =IFERROR(__xludf.DUMMYFUNCTION("""COMPUTED_VALUE"""),3.0) -> 3 | D20: =IFERROR(__xludf.DUMMYFUNCTION("""COMPUTED_VALUE"""),FALSE) -> FALSE | E20: =IFERROR(__xludf.DUMMYFUNCTION("""COMPUTED_VALUE"""),FALSE) -> FALSE | G20: =IFERROR(__xludf.DUMMYFUNCTION("""COMPUTED_VALUE"""),"Lovastatin") -> Lovastatin | H20: =IFERROR(__xludf.DUMMYFUNCTION("""COMPUTED_VALUE"""),6.0) -> 6 | I20: =IFERROR(__xludf.DUMMYFUNCTION("""COMPUTED_VALUE"""),3.0) -> 3 | J20: =IFERROR(__xludf.DUMMYFUNCTION("""COMPUTED_VALUE"""),TRUE) -> TRUE | K20: =IFERROR(__xludf.DUMMYFUNCTION("""COMPUTED_VALUE"""),FALSE) -> FALSE | M20: =IFERROR(__xludf.DUMMYFUNCTION("""COMPUTED_VALUE"""),"Chloroprocaine") -> Chloroprocaine | N20: =IFERROR(__xludf.DUMMYFUNCTION("""COMPUTED_VALUE"""),0.0) -> 0 | O20: =IFERROR(__xludf.DUMMYFUNCTION("""COMPUTED_VALUE"""),3.0) -> 3 | P20: =IFERROR(__xludf.DUMMYFUNCTION("""COMPUTED_VALUE"""),FALSE) -> FALSE | Q20: =IFERROR(__xludf.DUMMYFUNCTION("""COMPUTED_VALUE"""),FALSE) -> FALSE | S20: Bisoprolol | T20: {=XLOOKUP(S20, MAPK8IP3, B3:B1000, XLOOKUP(S20, ZC4H2, H3:H1000, XLOOKUP(S20, SLC6A1, N3:N1000)))} -> 2 | U20: {=XLOOKUP(S20, MAPK8IP3, C3:C1000, XLOOKUP(S20, ZC4H2, I3:I1000, XLOOKUP(S20, SLC6A1, O3:O1000)))} -> 3 | V20: {=XLOOKUP(S20, MAPK8IP3, D3:D1000, XLOOKUP(S20, ZC4H2, J3:J1000, XLOOKUP(S20, SLC6A1, P3:P1000)))} -> FALSE
A21: =IFERROR(__xludf.DUMMYFUNCTION("""COMPUTED_VALUE"""),"Lovastatin") -> Lovastatin | B21: =IFERROR(__xludf.DUMMYFUNCTION("""COMPUTED_VALUE"""),6.0) -> 6 | C21: =IFERROR(__xludf.DUMMYFUNCTION("""COMPUTED_VALUE"""),3.0) -> 3 | D21: =IFERROR(__xludf.DUMMYFUNCTION("""COMPUTED_VALUE"""),TRUE) -> TRUE | E21: =IFERROR(__xludf.DUMMYFUNCTION("""COMPUTED_VALUE"""),TRUE) -> TRUE | G21: =IFERROR(__xludf.DUMMYFUNCTION("""COMPUTED_VALUE"""),"Metformin") -> Metformin | H21: =IFERROR(__xludf.DUMMYFUNCTION("""COMPUTED_VALUE"""),6.0) -> 6 | I21: =IFERROR(__xludf.DUMMYFUNCTION("""COMPUTED_VALUE"""),3.0) -> 3 | J21: =IFERROR(__xludf.DUMMYFUNCTION("""COMPUTED_VALUE"""),TRUE) -> TRUE | K21: =IFERROR(__xludf.DUMMYFUNCTION("""COMPUTED_VALUE"""),FALSE) -> FALSE | M21: =IFERROR(__xludf.DUMMYFUNCTION("""COMPUTED_VALUE"""),"Cholecalciferol") -> Cholecalciferol | N21: =IFERROR(__xludf.DUMMYFUNCTION("""COMPUTED_VALUE"""),5.0) -> 5 | O21: =IFERROR(__xludf.DUMMYFUNCTION("""COMPUTED_VALUE"""),3.0) -> 3 | P21: =IFERROR(__xludf.DUMMYFUNCTION("""COMPUTED_VALUE"""),FALSE) -> FALSE | Q21: =IFERROR(__xludf.DUMMYFUNCTION("""COMPUTED_VALUE"""),FALSE) -> FALSE | S21: Budesonide | T21: {=XLOOKUP(S21, MAPK8IP3, B3:B1000, XLOOKUP(S21, ZC4H2, H3:H1000, XLOOKUP(S21, SLC6A1, N3:N1000)))} -> 6 | U21: {=XLOOKUP(S21, MAPK8IP3, C3:C1000, XLOOKUP(S21, ZC4H2, I3:I1000, XLOOKUP(S21, SLC6A1, O3:O1000)))} -> 3 | V21: {=XLOOKUP(S21, MAPK8IP3, D3:D1000, XLOOKUP(S21, ZC4H2, J3:J1000, XLOOKUP(S21, SLC6A1, P3:P1000)))} -> FALSE
A22: =IFERROR(__xludf.DUMMYFUNCTION("""COMPUTED_VALUE"""),"Metformin") -> Metformin | B22: =IFERROR(__xludf.DUMMYFUNCTION("""COMPUTED_VALUE"""),6.0) -> 6 | C22: =IFERROR(__xludf.DUMMYFUNCTION("""COMPUTED_VALUE"""),3.0) -> 3 | D22: =IFERROR(__xludf.DUMMYFUNCTION("""COMPUTED_VALUE"""),TRUE) -> TRUE | E22: =IFERROR(__xludf.DUMMYFUNCTION("""COMPUTED_VALUE"""),TRUE) -> TRUE | G22: =IFERROR(__xludf.DUMMYFUNCTION("""COMPUTED_VALUE"""),"Metoprolol") -> Metoprolol | H22: =IFERROR(__xludf.DUMMYFUNCTION("""COMPUTED_VALUE"""),6.0) -> 6 | I22: =IFERROR(__xludf.DUMMYFUNCTION("""COMPUTED_VALUE"""),3.0) -> 3 | J22: =IFERROR(__xludf.DUMMYFUNCTION("""COMPUTED_VALUE"""),FALSE) -> FALSE | K22: =IFERROR(__xludf.DUMMYFUNCTION("""COMPUTED_VALUE"""),FALSE) -> FALSE | M22: =IFERROR(__xludf.DUMMYFUNCTION("""COMPUTED_VALUE"""),"Ciclesonide") -> Ciclesonide | N22: =IFERROR(__xludf.DUMMYFUNCTION("""COMPUTED_VALUE"""),2.0) -> 2 | O22: =IFERROR(__xludf.DUMMYFUNCTION("""COMPUTED_VALUE"""),3.0) -> 3 | P22: =IFERROR(__xludf.DUMMYFUNCTION("""COMPUTED_VALUE"""),FALSE) -> FALSE | Q22: =IFERROR(__xludf.DUMMYFUNCTION("""COMPUTED_VALUE"""),FALSE) -> FALSE | S22: Buspirone | T22: {=XLOOKUP(S22, MAPK8IP3, B3:B1000, XLOOKUP(S22, ZC4H2, H3:H1000, XLOOKUP(S22, SLC6A1, N3:N1000)))} -> 6 | U22: {=XLOOKUP(S22, MAPK8IP3, C3:C1000, XLOOKUP(S22, ZC4H2, I3:I1000, XLOOKUP(S22, SLC6A1, O3:O1000)))} -> 3 | V22: {=XLOOKUP(S22, MAPK8IP3, D3:D1000, XLOOKUP(S22, ZC4H2, J3:J1000, XLOOKUP(S22, SLC6A1, P3:P1000)))} -> TRUE
A23: =IFERROR(__xludf.DUMMYFUNCTION("""COMPUTED_VALUE"""),"Metoprolol") -> Metoprolol | B23: =IFERROR(__xludf.DUMMYFUNCTION("""COMPUTED_VALUE"""),6.0) -> 6 | C23: =IFERROR(__xludf.DUMMYFUNCTION("""COMPUTED_VALUE"""),3.0) -> 3 | D23: =IFERROR(__xludf.DUMMYFUNCTION("""COMPUTED_VALUE"""),FALSE) -> FALSE | E23: =IFERROR(__xludf.DUMMYFUNCTION("""COMPUTED_VALUE"""),FALSE) -> FALSE | G23: =IFERROR(__xludf.DUMMYFUNCTION("""COMPUTED_VALUE"""),"Oseltamivir") -> Oseltamivir | H23: =IFERROR(__xludf.DUMMYFUNCTION("""COMPUTED_VALUE"""),6.0) -> 6 | I23: =IFERROR(__xludf.DUMMYFUNCTION("""COMPUTED_VALUE"""),3.0) -> 3 | J23: =IFERROR(__xludf.DUMMYFUNCTION("""COMPUTED_VALUE"""),FALSE) -> FALSE | K23: =IFERROR(__xludf.DUMMYFUNCTION("""COMPUTED_VALUE"""),FALSE) -> FALSE | M23: =IFERROR(__xludf.DUMMYFUNCTION("""COMPUTED_VALUE"""),"Ciclopirox") -> Ciclopirox | N23: =IFERROR(__xludf.DUMMYFUNCTION("""COMPUTED_VALUE"""),4.0) -> 4 | O23: =IFERROR(__xludf.DUMMYFUNCTION("""COMPUTED_VALUE"""),3.0) -> 3 | P23: =IFERROR(__xludf.DUMMYFUNCTION("""COMPUTED_VALUE"""),FALSE) -> FALSE | Q23: =IFERROR(__xludf.DUMMYFUNCTION("""COMPUTED_VALUE"""),FALSE) -> FALSE | S23: Butorphanol | T23: {=XLOOKUP(S23, MAPK8IP3, B3:B1000, XLOOKUP(S23, ZC4H2, H3:H1000, XLOOKUP(S23, SLC6A1, N3:N1000)))} -> 1 | U23: {=XLOOKUP(S23, MAPK8IP3, C3:C1000, XLOOKUP(S23, ZC4H2, I3:I1000, XLOOKUP(S23, SLC6A1, O3:O1000)))} -> 3 | V23: {=XLOOKUP(S23, MAPK8IP3, D3:D1000, XLOOKUP(S23, ZC4H2, J3:J1000, XLOOKUP(S23, SLC6A1, P3:P1000)))} -> FALSE
A24: =IFERROR(__xludf.DUMMYFUNCTION("""COMPUTED_VALUE"""),"Oseltamivir") -> Oseltamivir | B24: =IFERROR(__xludf.DUMMYFUNCTION("""COMPUTED_VALUE"""),6.0) -> 6 | C24: =IFERROR(__xludf.DUMMYFUNCTION("""COMPUTED_VALUE"""),3.0) -> 3 | D24: =IFERROR(__xludf.DUMMYFUNCTION("""COMPUTED_VALUE"""),FALSE) -> FALSE | E24: =IFERROR(__xludf.DUMMYFUNCTION("""COMPUTED_VALUE"""),FALSE) -> FALSE | G24: =IFERROR(__xludf.DUMMYFUNCTION("""COMPUTED_VALUE"""),"Potassium chloride") -> Potassium chloride | H24: =IFERROR(__xludf.DUMMYFUNCTION("""COMPUTED_VALUE"""),6.0) -> 6 | I24: =IFERROR(__xludf.DUMMYFUNCTION("""COMPUTED_VALUE"""),3.0) -> 3 | J24: =IFERROR(__xludf.DUMMYFUNCTION("""COMPUTED_VALUE"""),FALSE) -> FALSE | K24: =IFERROR(__xludf.DUMMYFUNCTION("""COMPUTED_VALUE"""),FALSE) -> FALSE | M24: =IFERROR(__xludf.DUMMYFUNCTION("""COMPUTED_VALUE"""),"Cilostazol") -> Cilostazol | N24: =IFERROR(__xludf.DUMMYFUNCTION("""COMPUTED_VALUE"""),1.0) -> 1 | O24: =IFERROR(__xludf.DUMMYFUNCTION("""COMPUTED_VALUE"""),3.0) -> 3 | P24: =IFERROR(__xludf.DUMMYFUNCTION("""COMPUTED_VALUE"""),FALSE) -> FALSE | Q24: =IFERROR(__xludf.DUMMYFUNCTION("""COMPUTED_VALUE"""),FALSE) -> FALSE | S24: Calcitriol | T24: {=XLOOKUP(S24, MAPK8IP3, B3:B1000, XLOOKUP(S24, ZC4H2, H3:H1000, XLOOKUP(S24, SLC6A1, N3:N1000)))} -> 5 | U24: {=XLOOKUP(S24, MAPK8IP3, C3:C1000, XLOOKUP(S24, ZC4H2, I3:I1000, XLOOKUP(S24, SLC6A1, O3:O1000)))} -> 3 | V24: {=XLOOKUP(S24, MAPK8IP3, D3:D1000, XLOOKUP(S24, ZC4H2, J3:J1000, XLOOKUP(S24, SLC6A1, P3:P1000)))} -> FALSE
A25: =IFERROR(__xludf.DUMMYFUNCTION("""COMPUTED_VALUE"""),"Propranolol") -> Propranolol | B25: =IFERROR(__xludf.DUMMYFUNCTION("""COMPUTED_VALUE"""),6.0) -> 6 | C25: =IFERROR(__xludf.DUMMYFUNCTION("""COMPUTED_VALUE"""),3.0) -> 3 | D25: =IFERROR(__xludf.DUMMYFUNCTION("""COMPUTED_VALUE"""),FALSE) -> FALSE | E25: =IFERROR(__xludf.DUMMYFUNCTION("""COMPUTED_VALUE"""),FALSE) -> FALSE | G25: =IFERROR(__xludf.DUMMYFUNCTION("""COMPUTED_VALUE"""),"Propranolol") -> Propranolol | H25: =IFERROR(__xludf.DUMMYFUNCTION("""COMPUTED_VALUE"""),6.0) -> 6 | I25: =IFERROR(__xludf.DUMMYFUNCTION("""COMPUTED_VALUE"""),3.0) -> 3 | J25: =IFERROR(__xludf.DUMMYFUNCTION("""COMPUTED_VALUE"""),FALSE) -> FALSE | K25: =IFERROR(__xludf.DUMMYFUNCTION("""COMPUTED_VALUE"""),FALSE) -> FALSE | M25: =IFERROR(__xludf.DUMMYFUNCTION("""COMPUTED_VALUE"""),"Clemastine") -> Clemastine | N25: =IFERROR(__xludf.DUMMYFUNCTION("""COMPUTED_VALUE"""),3.0) -> 3 | O25: =IFERROR(__xludf.DUMMYFUNCTION("""COMPUTED_VALUE"""),3.0) -> 3 | P25: =IFERROR(__xludf.DUMMYFUNCTION("""COMPUTED_VALUE"""),FALSE) -> FALSE | Q25: =IFERROR(__xludf.DUMMYFUNCTION("""COMPUTED_VALUE"""),FALSE) -> FALSE | S25: Captopril | T25: {=XLOOKUP(S25, MAPK8IP3, B3:B1000, XLOOKUP(S25, ZC4H2, H3:H1000, XLOOKUP(S25, SLC6A1, N3:N1000)))} -> 5 | U25: {=XLOOKUP(S25, MAPK8IP3, C3:C1000, XLOOKUP(S25, ZC4H2, I3:I1000, XLOOKUP(S25, SLC6A1, O3:O1000)))} -> 3 | V25: {=XLOOKUP(S25, MAPK8IP3, D3:D1000, XLOOKUP(S25, ZC4H2, J3:J1000, XLOOKUP(S25, SLC6A1, P3:P1000)))} -> TRUE
A26: =IFERROR(__xludf.DUMMYFUNCTION("""COMPUTED_VALUE"""),"Pyridoxine") -> Pyridoxine | B26: =IFERROR(__xludf.DUMMYFUNCTION("""COMPUTED_VALUE"""),6.0) -> 6 | C26: =IFERROR(__xludf.DUMMYFUNCTION("""COMPUTED_VALUE"""),3.0) -> 3 | D26: =IFERROR(__xludf.DUMMYFUNCTION("""COMPUTED_VALUE"""),FALSE) -> FALSE | E26: =IFERROR(__xludf.DUMMYFUNCTION("""COMPUTED_VALUE"""),FALSE) -> FALSE | G26: =IFERROR(__xludf.DUMMYFUNCTION("""COMPUTED_VALUE"""),"Pyridoxine") -> Pyridoxine | H26: =IFERROR(__xludf.DUMMYFUNCTION("""COMPUTED_VALUE"""),6.0) -> 6 | I26: =IFERROR(__xludf.DUMMYFUNCTION("""COMPUTED_VALUE"""),3.0) -> 3 | J26: =IFERROR(__xludf.DUMMYFUNCTION("""COMPUTED_VALUE"""),FALSE) -> FALSE | K26: =IFERROR(__xludf.DUMMYFUNCTION("""COMPUTED_VALUE"""),FALSE) -> FALSE | M26: =IFERROR(__xludf.DUMMYFUNCTION("""COMPUTED_VALUE"""),"Clomifene") -> Clomifene | N26: =IFERROR(__xludf.DUMMYFUNCTION("""COMPUTED_VALUE"""),0.0) -> 0 | O26: =IFERROR(__xludf.DUMMYFUNCTION("""COMPUTED_VALUE"""),3.0) -> 3 | P26: =IFERROR(__xludf.DUMMYFUNCTION("""COMPUTED_VALUE"""),FALSE) -> FALSE | Q26: =IFERROR(__xludf.DUMMYFUNCTION("""COMPUTED_VALUE"""),FALSE) -> FALSE | S26: Cefoperazone | T26: {=XLOOKUP(S26, MAPK8IP3, B3:B1000, XLOOKUP(S26, ZC4H2, H3:H1000, XLOOKUP(S26, SLC6A1, N3:N1000)))} -> 2 | U26: {=XLOOKUP(S26, MAPK8IP3, C3:C1000, XLOOKUP(S26, ZC4H2, I3:I1000, XLOOKUP(S26, SLC6A1, O3:O1000)))} -> 2 | V26: {=XLOOKUP(S26, MAPK8IP3, D3:D1000, XLOOKUP(S26, ZC4H2, J3:J1000, XLOOKUP(S26, SLC6A1, P3:P1000)))} -> TRUE
A27: =IFERROR(__xludf.DUMMYFUNCTION("""COMPUTED_VALUE"""),"Sertraline") -> Sertraline | B27: =IFERROR(__xludf.DUMMYFUNCTION("""COMPUTED_VALUE"""),6.0) -> 6 | C27: =IFERROR(__xludf.DUMMYFUNCTION("""COMPUTED_VALUE"""),3.0) -> 3 | D27: =IFERROR(__xludf.DUMMYFUNCTION("""COMPUTED_VALUE"""),TRUE) -> TRUE | E27: =IFERROR(__xludf.DUMMYFUNCTION("""COMPUTED_VALUE"""),TRUE) -> TRUE | G27: =IFERROR(__xludf.DUMMYFUNCTION("""COMPUTED_VALUE"""),"Sertraline") -> Sertraline | H27: =IFERROR(__xludf.DUMMYFUNCTION("""COMPUTED_VALUE"""),6.0) -> 6 | I27: =IFERROR(__xludf.DUMMYFUNCTION("""COMPUTED_VALUE"""),3.0) -> 3 | J27: =IFERROR(__xludf.DUMMYFUNCTION("""COMPUTED_VALUE"""),TRUE) -> TRUE | K27: =IFERROR(__xludf.DUMMYFUNCTION("""COMPUTED_VALUE"""),FALSE) -> FALSE | M27: =IFERROR(__xludf.DUMMYFUNCTION("""COMPUTED_VALUE"""),"Clonidine") -> Clonidine | N27: =IFERROR(__xludf.DUMMYFUNCTION("""COMPUTED_VALUE"""),6.0) -> 6 | O27: =IFERROR(__xludf.DUMMYFUNCTION("""COMPUTED_VALUE"""),3.0) -> 3 | P27: =IFERROR(__xludf.DUMMYFUNCTION("""COMPUTED_VALUE"""),FALSE) -> FALSE | Q27: =IFERROR(__xludf.DUMMYFUNCTION("""COMPUTED_VALUE"""),FALSE) -> FALSE | S27: Chloroprocaine | T27: {=XLOOKUP(S27, MAPK8IP3, B3:B1000, XLOOKUP(S27, ZC4H2, H3:H1000, XLOOKUP(S27, SLC6A1, N3:N1000)))} -> 0 | U27: {=XLOOKUP(S27, MAPK8IP3, C3:C1000, XLOOKUP(S27, ZC4H2, I3:I1000, XLOOKUP(S27, SLC6A1, O3:O1000)))} -> 3 | V27: {=XLOOKUP(S27, MAPK8IP3, D3:D1000, XLOOKUP(S27, ZC4H2, J3:J1000, XLOOKUP(S27, SLC6A1, P3:P1000)))} -> FALSE
A28: =IFERROR(__xludf.DUMMYFUNCTION("""COMPUTED_VALUE"""),"Triamcinolone") -> Triamcinolone | B28: =IFERROR(__xludf.DUMMYFUNCTION("""COMPUTED_VALUE"""),6.0) -> 6 | C28: =IFERROR(__xludf.DUMMYFUNCTION("""COMPUTED_VALUE"""),3.0) -> 3 | D28: =IFERROR(__xludf.DUMMYFUNCTION("""COMPUTED_VALUE"""),FALSE) -> FALSE | E28: =IFERROR(__xludf.DUMMYFUNCTION("""COMPUTED_VALUE"""),FALSE) -> FALSE | G28: =IFERROR(__xludf.DUMMYFUNCTION("""COMPUTED_VALUE"""),"Triamcinolone") -> Triamcinolone | H28: =IFERROR(__xludf.DUMMYFUNCTION("""COMPUTED_VALUE"""),6.0) -> 6 | I28: =IFERROR(__xludf.DUMMYFUNCTION("""COMPUTED_VALUE"""),3.0) -> 3 | J28: =IFERROR(__xludf.DUMMYFUNCTION("""COMPUTED_VALUE"""),FALSE) -> FALSE | K28: =IFERROR(__xludf.DUMMYFUNCTION("""COMPUTED_VALUE"""),FALSE) -> FALSE | M28: =IFERROR(__xludf.DUMMYFUNCTION("""COMPUTED_VALUE"""),"Cyproheptadine") -> Cyproheptadine | N28: =IFERROR(__xludf.DUMMYFUNCTION("""COMPUTED_VALUE"""),6.0) -> 6 | O28: =IFERROR(__xludf.DUMMYFUNCTION("""COMPUTED_VALUE"""),3.0) -> 3 | P28: =IFERROR(__xludf.DUMMYFUNCTION("""COMPUTED_VALUE"""),FALSE) -> FALSE | Q28: =IFERROR(__xludf.DUMMYFUNCTION("""COMPUTED_VALUE"""),FALSE) -> FALSE | S28: Cholecalciferol | T28: {=XLOOKUP(S28, MAPK8IP3, B3:B1000, XLOOKUP(S28, ZC4H2, H3:H1000, XLOOKUP(S28, SLC6A1, N3:N1000)))} -> 5 | U28: {=XLOOKUP(S28, MAPK8IP3, C3:C1000, XLOOKUP(S28, ZC4H2, I3:I1000, XLOOKUP(S28, SLC6A1, O3:O1000)))} -> 3 | V28: {=XLOOKUP(S28, MAPK8IP3, D3:D1000, XLOOKUP(S28, ZC4H2, J3:J1000, XLOOKUP(S28, SLC6A1, P3:P1000)))} -> FALSE
A29: =IFERROR(__xludf.DUMMYFUNCTION("""COMPUTED_VALUE"""),"Atomoxetine") -> Atomoxetine | B29: =IFERROR(__xludf.DUMMYFUNCTION("""COMPUTED_VALUE"""),5.0) -> 5 | C29: =IFERROR(__xludf.DUMMYFUNCTION("""COMPUTED_VALUE"""),3.0) -> 3 | D29: =IFERROR(__xludf.DUMMYFUNCTION("""COMPUTED_VALUE"""),FALSE) -> FALSE | E29: =IFERROR(__xludf.DUMMYFUNCTION("""COMPUTED_VALUE"""),FALSE) -> FALSE | G29: =IFERROR(__xludf.DUMMYFUNCTION("""COMPUTED_VALUE"""),"Atomoxetine") -> Atomoxetine | H29: =IFERROR(__xludf.DUMMYFUNCTION("""COMPUTED_VALUE"""),5.0) -> 5 | I29: =IFERROR(__xludf.DUMMYFUNCTION("""COMPUTED_VALUE"""),3.0) -> 3 | J29: =IFERROR(__xludf.DUMMYFUNCTION("""COMPUTED_VALUE"""),FALSE) -> FALSE | K29: =IFERROR(__xludf.DUMMYFUNCTION("""COMPUTED_VALUE"""),FALSE) -> FALSE | M29: =IFERROR(__xludf.DUMMYFUNCTION("""COMPUTED_VALUE"""),"Desflurane") -> Desflurane | N29: =IFERROR(__xludf.DUMMYFUNCTION("""COMPUTED_VALUE"""),0.0) -> 0 | O29: =IFERROR(__xludf.DUMMYFUNCTION("""COMPUTED_VALUE"""),3.0) -> 3 | P29: =IFERROR(__xludf.DUMMYFUNCTION("""COMPUTED_VALUE"""),FALSE) -> FALSE | Q29: =IFERROR(__xludf.DUMMYFUNCTION("""COMPUTED_VALUE"""),FALSE) -> FALSE | S29: Ciclesonide | T29: {=XLOOKUP(S29, MAPK8IP3, B3:B1000, XLOOKUP(S29, ZC4H2, H3:H1000, XLOOKUP(S29, SLC6A1, N3:N1000)))} -> 2 | U29: {=XLOOKUP(S29, MAPK8IP3, C3:C1000, XLOOKUP(S29, ZC4H2, I3:I1000, XLOOKUP(S29, SLC6A1, O3:O1000)))} -> 3 | V29: {=XLOOKUP(S29, MAPK8IP3, D3:D1000, XLOOKUP(S29, ZC4H2, J3:J1000, XLOOKUP(S29, SLC6A1, P3:P1000)))} -> FALSE
A30: =IFERROR(__xludf.DUMMYFUNCTION("""COMPUTED_VALUE"""),"Calcitriol") -> Calcitriol | B30: =IFERROR(__xludf.DUMMYFUNCTION("""COMPUTED_VALUE"""),5.0) -> 5 | C30: =IFERROR(__xludf.DUMMYFUNCTION("""COMPUTED_VALUE"""),3.0) -> 3 | D30: =IFERROR(__xludf.DUMMYFUNCTION("""COMPUTED_VALUE"""),FALSE) -> FALSE | E30: =IFERROR(__xludf.DUMMYFUNCTION("""COMPUTED_VALUE"""),FALSE) -> FALSE | G30: =IFERROR(__xludf.DUMMYFUNCTION("""COMPUTED_VALUE"""),"Calcitriol") -> Calcitriol | H30: =IFERROR(__xludf.DUMMYFUNCTION("""COMPUTED_VALUE"""),5.0) -> 5 | I30: =IFERROR(__xludf.DUMMYFUNCTION("""COMPUTED_VALUE"""),3.0) -> 3 | J30: =IFERROR(__xludf.DUMMYFUNCTION("""COMPUTED_VALUE"""),FALSE) -> FALSE | K30: =IFERROR(__xludf.DUMMYFUNCTION("""COMPUTED_VALUE"""),FALSE) -> FALSE | M30: =IFERROR(__xludf.DUMMYFUNCTION("""COMPUTED_VALUE"""),"Desonide") -> Desonide | N30: =IFERROR(__xludf.DUMMYFUNCTION("""COMPUTED_VALUE"""),5.0) -> 5 | O30: =IFERROR(__xludf.DUMMYFUNCTION("""COMPUTED_VALUE"""),3.0) -> 3 | P30: =IFERROR(__xludf.DUMMYFUNCTION("""COMPUTED_VALUE"""),FALSE) -> FALSE | Q30: =IFERROR(__xludf.DUMMYFUNCTION("""COMPUTED_VALUE"""),FALSE) -> FALSE | S30: Ciclopirox | T30: {=XLOOKUP(S30, MAPK8IP3, B3:B1000, XLOOKUP(S30, ZC4H2, H3:H1000, XLOOKUP(S30, SLC6A1, N3:N1000)))} -> 4 | U30: {=XLOOKUP(S30, MAPK8IP3, C3:C1000, XLOOKUP(S30, ZC4H2, I3:I1000, XLOOKUP(S30, SLC6A1, O3:O1000)))} -> 3 | V30: {=XLOOKUP(S30, MAPK8IP3, D3:D1000, XLOOKUP(S30, ZC4H2, J3:J1000, XLOOKUP(S30, SLC6A1, P3:P1000)))} -> FALSE
A31: =IFERROR(__xludf.DUMMYFUNCTION("""COMPUTED_VALUE"""),"Captopril") -> Captopril | B31: =IFERROR(__xludf.DUMMYFUNCTION("""COMPUTED_VALUE"""),5.0) -> 5 | C31: =IFERROR(__xludf.DUMMYFUNCTION("""COMPUTED_VALUE"""),3.0) -> 3 | D31: =IFERROR(__xludf.DUMMYFUNCTION("""COMPUTED_VALUE"""),TRUE) -> TRUE | E31: =IFERROR(__xludf.DUMMYFUNCTION("""COMPUTED_VALUE"""),TRUE) -> TRUE | G31: =IFERROR(__xludf.DUMMYFUNCTION("""COMPUTED_VALUE"""),"Captopril") -> Captopril | H31: =IFERROR(__xludf.DUMMYFUNCTION("""COMPUTED_VALUE"""),5.0) -> 5 | I31: =IFERROR(__xludf.DUMMYFUNCTION("""COMPUTED_VALUE"""),3.0) -> 3 | J31: =IFERROR(__xludf.DUMMYFUNCTION("""COMPUTED_VALUE"""),TRUE) -> TRUE | K31: =IFERROR(__xludf.DUMMYFUNCTION("""COMPUTED_VALUE"""),FALSE) -> FALSE | M31: =IFERROR(__xludf.DUMMYFUNCTION("""COMPUTED_VALUE"""),"Desvenlafaxine") -> Desvenlafaxine | N31: =IFERROR(__xludf.DUMMYFUNCTION("""COMPUTED_VALUE"""),6.0) -> 6 | O31: =IFERROR(__xludf.DUMMYFUNCTION("""COMPUTED_VALUE"""),3.0) -> 3 | P31: =IFERROR(__xludf.DUMMYFUNCTION("""COMPUTED_VALUE"""),FALSE) -> FALSE | Q31: =IFERROR(__xludf.DUMMYFUNCTION("""COMPUTED_VALUE"""),FALSE) -> FALSE | S31: Cilostazol | T31: {=XLOOKUP(S31, MAPK8IP3, B3:B1000, XLOOKUP(S31, ZC4H2, H3:H1000, XLOOKUP(S31, SLC6A1, N3:N1000)))} -> 1 | U31: {=XLOOKUP(S31, MAPK8IP3, C3:C1000, XLOOKUP(S31, ZC4H2, I3:I1000, XLOOKUP(S31, SLC6A1, O3:O1000)))} -> 3 | V31: {=XLOOKUP(S31, MAPK8IP3, D3:D1000, XLOOKUP(S31, ZC4H2, J3:J1000, XLOOKUP(S31, SLC6A1, P3:P1000)))} -> FALSE
A32: =IFERROR(__xludf.DUMMYFUNCTION("""COMPUTED_VALUE"""),"Cholecalciferol") -> Cholecalciferol | B32: =IFERROR(__xludf.DUMMYFUNCTION("""COMPUTED_VALUE"""),5.0) -> 5 | C32: =IFERROR(__xludf.DUMMYFUNCTION("""COMPUTED_VALUE"""),3.0) -> 3 | D32: =IFERROR(__xludf.DUMMYFUNCTION("""COMPUTED_VALUE"""),FALSE) -> FALSE | E32: =IFERROR(__xludf.DUMMYFUNCTION("""COMPUTED_VALUE"""),FALSE) -> FALSE | G32: =IFERROR(__xludf.DUMMYFUNCTION("""COMPUTED_VALUE"""),"Cholecalciferol") -> Cholecalciferol | H32: =IFERROR(__xludf.DUMMYFUNCTION("""COMPUTED_VALUE"""),5.0) -> 5 | I32: =IFERROR(__xludf.DUMMYFUNCTION("""COMPUTED_VALUE"""),3.0) -> 3 | J32: =IFERROR(__xludf.DUMMYFUNCTION("""COMPUTED_VALUE"""),FALSE) -> FALSE | K32: =IFERROR(__xludf.DUMMYFUNCTION("""COMPUTED_VALUE"""),FALSE) -> FALSE | M32: =IFERROR(__xludf.DUMMYFUNCTION("""COMPUTED_VALUE"""),"Dexmedetomidine") -> Dexmedetomidine | N32: =IFERROR(__xludf.DUMMYFUNCTION("""COMPUTED_VALUE"""),2.0) -> 2 | O32: =IFERROR(__xludf.DUMMYFUNCTION("""COMPUTED_VALUE"""),3.0) -> 3 | P32: =IFERROR(__xludf.DUMMYFUNCTION("""COMPUTED_VALUE"""),FALSE) -> FALSE | Q32: =IFERROR(__xludf.DUMMYFUNCTION("""COMPUTED_VALUE"""),FALSE) -> FALSE | S32: Citalopram | T32: {=XLOOKUP(S32, MAPK8IP3, B3:B1000, XLOOKUP(S32, ZC4H2, H3:H1000, XLOOKUP(S32, SLC6A1, N3:N1000)))} -> 6 | U32: {=XLOOKUP(S32, MAPK8IP3, C3:C1000, XLOOKUP(S32, ZC4H2, I3:I1000, XLOOKUP(S32, SLC6A1, O3:O1000)))} -> 3 | V32: {=XLOOKUP(S32, MAPK8IP3, D3:D1000, XLOOKUP(S32, ZC4H2, J3:J1000, XLOOKUP(S32, SLC6A1, P3:P1000)))} -> TRUE
A33: =IFERROR(__xludf.DUMMYFUNCTION("""COMPUTED_VALUE"""),"Desloratadine") -> Desloratadine | B33: =IFERROR(__xludf.DUMMYFUNCTION("""COMPUTED_VALUE"""),5.0) -> 5 | C33: =IFERROR(__xludf.DUMMYFUNCTION("""COMPUTED_VALUE"""),3.0) -> 3 | D33: =IFERROR(__xludf.DUMMYFUNCTION("""COMPUTED_VALUE"""),FALSE) -> FALSE | E33: =IFERROR(__xludf.DUMMYFUNCTION("""COMPUTED_VALUE"""),FALSE) -> FALSE | G33: =IFERROR(__xludf.DUMMYFUNCTION("""COMPUTED_VALUE"""),"Desloratadine") -> Desloratadine | H33: =IFERROR(__xludf.DUMMYFUNCTION("""COMPUTED_VALUE"""),5.0) -> 5 | I33: =IFERROR(__xludf.DUMMYFUNCTION("""COMPUTED_VALUE"""),3.0) -> 3 | J33: =IFERROR(__xludf.DUMMYFUNCTION("""COMPUTED_VALUE"""),FALSE) -> FALSE | K33: =IFERROR(__xludf.DUMMYFUNCTION("""COMPUTED_VALUE"""),FALSE) -> FALSE | M33: =IFERROR(__xludf.DUMMYFUNCTION("""COMPUTED_VALUE"""),"Dextromethorphan") -> Dextromethorphan | N33: =IFERROR(__xludf.DUMMYFUNCTION("""COMPUTED_VALUE"""),5.0) -> 5 | O33: =IFERROR(__xludf.DUMMYFUNCTION("""COMPUTED_VALUE"""),3.0) -> 3 | P33: =IFERROR(__xludf.DUMMYFUNCTION("""COMPUTED_VALUE"""),FALSE) -> FALSE | Q33: =IFERROR(__xludf.DUMMYFUNCTION("""COMPUTED_VALUE"""),FALSE) -> FALSE | S33: Clemastine | T33: {=XLOOKUP(S33, MAPK8IP3, B3:B1000, XLOOKUP(S33, ZC4H2, H3:H1000, XLOOKUP(S33, SLC6A1, N3:N1000)))} -> 3 | U33: {=XLOOKUP(S33, MAPK8IP3, C3:C1000, XLOOKUP(S33, ZC4H2, I3:I1000, XLOOKUP(S33, SLC6A1, O3:O1000)))} -> 3 | V33: {=XLOOKUP(S33, MAPK8IP3, D3:D1000, XLOOKUP(S33, ZC4H2, J3:J1000, XLOOKUP(S33, SLC6A1, P3:P1000)))} -> FALSE
A34: =IFERROR(__xludf.DUMMYFUNCTION("""COMPUTED_VALUE"""),"Dextromethorphan") -> Dextromethorphan | B34: =IFERROR(__xludf.DUMMYFUNCTION("""COMPUTED_VALUE"""),5.0) -> 5 | C34: =IFERROR(__xludf.DUMMYFUNCTION("""COMPUTED_VALUE"""),3.0) -> 3 | D34: =IFERROR(__xludf.DUMMYFUNCTION("""COMPUTED_VALUE"""),FALSE) -> FALSE | E34: =IFERROR(__xludf.DUMMYFUNCTION("""COMPUTED_VALUE"""),FALSE) -> FALSE | G34: =IFERROR(__xludf.DUMMYFUNCTION("""COMPUTED_VALUE"""),"Dextromethorphan") -> Dextromethorphan | H34: =IFERROR(__xludf.DUMMYFUNCTION("""COMPUTED_VALUE"""),5.0) -> 5 | I34: =IFERROR(__xludf.DUMMYFUNCTION("""COMPUTED_VALUE"""),3.0) -> 3 | J34: =IFERROR(__xludf.DUMMYFUNCTION("""COMPUTED_VALUE"""),FALSE) -> FALSE | K34: =IFERROR(__xludf.DUMMYFUNCTION("""COMPUTED_VALUE"""),FALSE) -> FALSE | M34: =IFERROR(__xludf.DUMMYFUNCTION("""COMPUTED_VALUE"""),"Disopyramide") -> Disopyramide | N34: =IFERROR(__xludf.DUMMYFUNCTION("""COMPUTED_VALUE"""),1.0) -> 1 | O34: =IFERROR(__xludf.DUMMYFUNCTION("""COMPUTED_VALUE"""),3.0) -> 3 | P34: =IFERROR(__xludf.DUMMYFUNCTION("""COMPUTED_VALUE"""),FALSE) -> FALSE | Q34: =IFERROR(__xludf.DUMMYFUNCTION("""COMPUTED_VALUE"""),FALSE) -> FALSE | S34: Clindamycin | T34: {=XLOOKUP(S34, MAPK8IP3, B3:B1000, XLOOKUP(S34, ZC4H2, H3:H1000, XLOOKUP(S34, SLC6A1, N3:N1000)))} -> 6 | U34: {=XLOOKUP(S34, MAPK8IP3, C3:C1000, XLOOKUP(S34, ZC4H2, I3:I1000, XLOOKUP(S34, SLC6A1, O3:O1000)))} -> 3 | V34: {=XLOOKUP(S34, MAPK8IP3, D3:D1000, XLOOKUP(S34, ZC4H2, J3:J1000, XLOOKUP(S34, SLC6A1, P3:P1000)))} -> FALSE
A35: =IFERROR(__xludf.DUMMYFUNCTION("""COMPUTED_VALUE"""),"Ezetimibe") -> Ezetimibe | B35: =IFERROR(__xludf.DUMMYFUNCTION("""COMPUTED_VALUE"""),5.0) -> 5 | C35: =IFERROR(__xludf.DUMMYFUNCTION("""COMPUTED_VALUE"""),3.0) -> 3 | D35: =IFERROR(__xludf.DUMMYFUNCTION("""COMPUTED_VALUE"""),FALSE) -> FALSE | E35: =IFERROR(__xludf.DUMMYFUNCTION("""COMPUTED_VALUE"""),FALSE) -> FALSE | G35: =IFERROR(__xludf.DUMMYFUNCTION("""COMPUTED_VALUE"""),"Fexofenadine") -> Fexofenadine | H35: =IFERROR(__xludf.DUMMYFUNCTION("""COMPUTED_VALUE"""),5.0) -> 5 | I35: =IFERROR(__xludf.DUMMYFUNCTION("""COMPUTED_VALUE"""),3.0) -> 3 | J35: =IFERROR(__xludf.DUMMYFUNCTION("""COMPUTED_VALUE"""),FALSE) -> FALSE | K35: =IFERROR(__xludf.DUMMYFUNCTION("""COMPUTED_VALUE"""),FALSE) -> FALSE | M35: =IFERROR(__xludf.DUMMYFUNCTION("""COMPUTED_VALUE"""),"Eplerenone") -> Eplerenone | N35: =IFERROR(__xludf.DUMMYFUNCTION("""COMPUTED_VALUE"""),2.0) -> 2 | O35: =IFERROR(__xludf.DUMMYFUNCTION("""COMPUTED_VALUE"""),3.0) -> 3 | P35: =IFERROR(__xludf.DUMMYFUNCTION("""COMPUTED_VALUE"""),FALSE) -> FALSE | Q35: =IFERROR(__xludf.DUMMYFUNCTION("""COMPUTED_VALUE"""),FALSE) -> FALSE | S35: Clomifene | T35: {=XLOOKUP(S35, MAPK8IP3, B3:B1000, XLOOKUP(S35, ZC4H2, H3:H1000, XLOOKUP(S35, SLC6A1, N3:N1000)))} -> 0 | U35: {=XLOOKUP(S35, MAPK8IP3, C3:C1000, XLOOKUP(S35, ZC4H2, I3:I1000, XLOOKUP(S35, SLC6A1, O3:O1000)))} -> 3 | V35: {=XLOOKUP(S35, MAPK8IP3, D3:D1000, XLOOKUP(S35, ZC4H2, J3:J1000, XLOOKUP(S35, SLC6A1, P3:P1000)))} -> FALSE
A36: =IFERROR(__xludf.DUMMYFUNCTION("""COMPUTED_VALUE"""),"Fexofenadine") -> Fexofenadine | B36: =IFERROR(__xludf.DUMMYFUNCTION("""COMPUTED_VALUE"""),5.0) -> 5 | C36: =IFERROR(__xludf.DUMMYFUNCTION("""COMPUTED_VALUE"""),3.0) -> 3 | D36: =IFERROR(__xludf.DUMMYFUNCTION("""COMPUTED_VALUE"""),FALSE) -> FALSE | E36: =IFERROR(__xludf.DUMMYFUNCTION("""COMPUTED_VALUE"""),FALSE) -> FALSE | G36: =IFERROR(__xludf.DUMMYFUNCTION("""COMPUTED_VALUE"""),"Lidocaine") -> Lidocaine | H36: =IFERROR(__xludf.DUMMYFUNCTION("""COMPUTED_VALUE"""),5.0) -> 5 | I36: =IFERROR(__xludf.DUMMYFUNCTION("""COMPUTED_VALUE"""),3.0) -> 3 | J36: =IFERROR(__xludf.DUMMYFUNCTION("""COMPUTED_VALUE"""),FALSE) -> FALSE | K36: =IFERROR(__xludf.DUMMYFUNCTION("""COMPUTED_VALUE"""),FALSE) -> FALSE | M36: =IFERROR(__xludf.DUMMYFUNCTION("""COMPUTED_VALUE"""),"Escitalopram") -> Escitalopram | N36: =IFERROR(__xludf.DUMMYFUNCTION("""COMPUTED_VALUE"""),6.0) -> 6 | O36: =IFERROR(__xludf.DUMMYFUNCTION("""COMPUTED_VALUE"""),3.0) -> 3 | P36: =IFERROR(__xludf.DUMMYFUNCTION("""COMPUTED_VALUE"""),TRUE) -> TRUE | Q36: =IFERROR(__xludf.DUMMYFUNCTION("""COMPUTED_VALUE"""),FALSE) -> FALSE | S36: Clonidine | T36: {=XLOOKUP(S36, MAPK8IP3, B3:B1000, XLOOKUP(S36, ZC4H2, H3:H1000, XLOOKUP(S36, SLC6A1, N3:N1000)))} -> 6 | U36: {=XLOOKUP(S36, MAPK8IP3, C3:C1000, XLOOKUP(S36, ZC4H2, I3:I1000, XLOOKUP(S36, SLC6A1, O3:O1000)))} -> 3 | V36: {=XLOOKUP(S36, MAPK8IP3, D3:D1000, XLOOKUP(S36, ZC4H2, J3:J1000, XLOOKUP(S36, SLC6A1, P3:P1000)))} -> FALSE
A37: =IFERROR(__xludf.DUMMYFUNCTION("""COMPUTED_VALUE"""),"Gemfibrozil") -> Gemfibrozil | B37: =IFERROR(__xludf.DUMMYFUNCTION("""COMPUTED_VALUE"""),5.0) -> 5 | C37: =IFERROR(__xludf.DUMMYFUNCTION("""COMPUTED_VALUE"""),3.0) -> 3 | D37: =IFERROR(__xludf.DUMMYFUNCTION("""COMPUTED_VALUE"""),FALSE) -> FALSE | E37: =IFERROR(__xludf.DUMMYFUNCTION("""COMPUTED_VALUE"""),FALSE) -> FALSE | G37: =IFERROR(__xludf.DUMMYFUNCTION("""COMPUTED_VALUE"""),"Midodrine") -> Midodrine | H37: =IFERROR(__xludf.DUMMYFUNCTION("""COMPUTED_VALUE"""),5.0) -> 5 | I37: =IFERROR(__xludf.DUMMYFUNCTION("""COMPUTED_VALUE"""),3.0) -> 3 | J37: =IFERROR(__xludf.DUMMYFUNCTION("""COMPUTED_VALUE"""),FALSE) -> FALSE | K37: =IFERROR(__xludf.DUMMYFUNCTION("""COMPUTED_VALUE"""),FALSE) -> FALSE | M37: =IFERROR(__xludf.DUMMYFUNCTION("""COMPUTED_VALUE"""),"Ethosuximide") -> Ethosuximide | N37: =IFERROR(__xludf.DUMMYFUNCTION("""COMPUTED_VALUE"""),2.0) -> 2 | O37: =IFERROR(__xludf.DUMMYFUNCTION("""COMPUTED_VALUE"""),3.0) -> 3 | P37: =IFERROR(__xludf.DUMMYFUNCTION("""COMPUTED_VALUE"""),FALSE) -> FALSE | Q37: =IFERROR(__xludf.DUMMYFUNCTION("""COMPUTED_VALUE"""),FALSE) -> FALSE | S37: Cyproheptadine | T37: {=XLOOKUP(S37, MAPK8IP3, B3:B1000, XLOOKUP(S37, ZC4H2, H3:H1000, XLOOKUP(S37, SLC6A1, N3:N1000)))} -> 6 | U37: {=XLOOKUP(S37, MAPK8IP3, C3:C1000, XLOOKUP(S37, ZC4H2, I3:I1000, XLOOKUP(S37, SLC6A1, O3:O1000)))} -> 3 | V37: {=XLOOKUP(S37, MAPK8IP3, D3:D1000, XLOOKUP(S37, ZC4H2, J3:J1000, XLOOKUP(S37, SLC6A1, P3:P1000)))} -> FALSE
A38: =IFERROR(__xludf.DUMMYFUNCTION("""COMPUTED_VALUE"""),"Levodopa") -> Levodopa | B38: =IFERROR(__xludf.DUMMYFUNCTION("""COMPUTED_VALUE"""),5.0) -> 5 | C38: =IFERROR(__xludf.DUMMYFUNCTION("""COMPUTED_VALUE"""),3.0) -> 3 | D38: =IFERROR(__xludf.DUMMYFUNCTION("""COMPUTED_VALUE"""),TRUE) -> TRUE | E38: =IFERROR(__xludf.DUMMYFUNCTION("""COMPUTED_VALUE"""),TRUE) -> TRUE | G38: =IFERROR(__xludf.DUMMYFUNCTION("""COMPUTED_VALUE"""),"Ciclopirox") -> Ciclopirox | H38: =IFERROR(__xludf.DUMMYFUNCTION("""COMPUTED_VALUE"""),4.0) -> 4 | I38: =IFERROR(__xludf.DUMMYFUNCTION("""COMPUTED_VALUE"""),3.0) -> 3 | J38: =IFERROR(__xludf.DUMMYFUNCTION("""COMPUTED_VALUE"""),FALSE) -> FALSE | K38: =IFERROR(__xludf.DUMMYFUNCTION("""COMPUTED_VALUE"""),FALSE) -> FALSE | M38: =IFERROR(__xludf.DUMMYFUNCTION("""COMPUTED_VALUE"""),"Felbamate") -> Felbamate | N38: =IFERROR(__xludf.DUMMYFUNCTION("""COMPUTED_VALUE"""),1.0) -> 1 | O38: =IFERROR(__xludf.DUMMYFUNCTION("""COMPUTED_VALUE"""),3.0) -> 3 | P38: =IFERROR(__xludf.DUMMYFUNCTION("""COMPUTED_VALUE"""),FALSE) -> FALSE | Q38: =IFERROR(__xludf.DUMMYFUNCTION("""COMPUTED_VALUE"""),FALSE) -> FALSE | S38: Dantrolene | T38: {=XLOOKUP(S38, MAPK8IP3, B3:B1000, XLOOKUP(S38, ZC4H2, H3:H1000, XLOOKUP(S38, SLC6A1, N3:N1000)))} -> 6 | U38: {=XLOOKUP(S38, MAPK8IP3, C3:C1000, XLOOKUP(S38, ZC4H2, I3:I1000, XLOOKUP(S38, SLC6A1, O3:O1000)))} -> 3 | V38: {=XLOOKUP(S38, MAPK8IP3, D3:D1000, XLOOKUP(S38, ZC4H2, J3:J1000, XLOOKUP(S38, SLC6A1, P3:P1000)))} -> TRUE
A39: =IFERROR(__xludf.DUMMYFUNCTION("""COMPUTED_VALUE"""),"Lidocaine") -> Lidocaine | B39: =IFERROR(__xludf.DUMMYFUNCTION("""COMPUTED_VALUE"""),5.0) -> 5 | C39: =IFERROR(__xludf.DUMMYFUNCTION("""COMPUTED_VALUE"""),3.0) -> 3 | D39: =IFERROR(__xludf.DUMMYFUNCTION("""COMPUTED_VALUE"""),FALSE) -> FALSE | E39: =IFERROR(__xludf.DUMMYFUNCTION("""COMPUTED_VALUE"""),FALSE) -> FALSE | G39: =IFERROR(__xludf.DUMMYFUNCTION("""COMPUTED_VALUE"""),"Guanfacine") -> Guanfacine | H39: =IFERROR(__xludf.DUMMYFUNCTION("""COMPUTED_VALUE"""),4.0) -> 4 | I39: =IFERROR(__xludf.DUMMYFUNCTION("""COMPUTED_VALUE"""),3.0) -> 3 | J39: =IFERROR(__xludf.DUMMYFUNCTION("""COMPUTED_VALUE"""),TRUE) -> TRUE | K39: =IFERROR(__xludf.DUMMYFUNCTION("""COMPUTED_VALUE"""),FALSE) -> FALSE | M39: =IFERROR(__xludf.DUMMYFUNCTION("""COMPUTED_VALUE"""),"Flunarizine") -> Flunarizine | N39: =IFERROR(__xludf.DUMMYFUNCTION("""COMPUTED_VALUE"""),2.0) -> 2 | O39: =IFERROR(__xludf.DUMMYFUNCTION("""COMPUTED_VALUE"""),3.0) -> 3 | P39: =IFERROR(__xludf.DUMMYFUNCTION("""COMPUTED_VALUE"""),FALSE) -> FALSE | Q39: =IFERROR(__xludf.DUMMYFUNCTION("""COMPUTED_VALUE"""),FALSE) -> FALSE | S39: Daprodustat | T39: {=XLOOKUP(S39, MAPK8IP3, B3:B1000, XLOOKUP(S39, ZC4H2, H3:H1000, XLOOKUP(S39, SLC6A1, N3:N1000)))} -> -1 | U39: {=XLOOKUP(S39, MAPK8IP3, C3:C1000, XLOOKUP(S39, ZC4H2, I3:I1000, XLOOKUP(S39, SLC6A1, O3:O1000)))} -> 1 | V39: {=XLOOKUP(S39, MAPK8IP3, D3:D1000, XLOOKUP(S39, ZC4H2, J3:J1000, XLOOKUP(S39, SLC6A1, P3:P1000)))} -> TRUE
A40: =IFERROR(__xludf.DUMMYFUNCTION("""COMPUTED_VALUE"""),"Midodrine") -> Midodrine | B40: =IFERROR(__xludf.DUMMYFUNCTION("""COMPUTED_VALUE"""),5.0) -> 5 | C40: =IFERROR(__xludf.DUMMYFUNCTION("""COMPUTED_VALUE"""),3.0) -> 3 | D40: =IFERROR(__xludf.DUMMYFUNCTION("""COMPUTED_VALUE"""),FALSE) -> FALSE | E40: =IFERROR(__xludf.DUMMYFUNCTION("""COMPUTED_VALUE"""),FALSE) -> FALSE | G40: =IFERROR(__xludf.DUMMYFUNCTION("""COMPUTED_VALUE"""),"Levetiracetam") -> Levetiracetam | H40: =IFERROR(__xludf.DUMMYFUNCTION("""COMPUTED_VALUE"""),4.0) -> 4 | I40: =IFERROR(__xludf.DUMMYFUNCTION("""COMPUTED_VALUE"""),3.0) -> 3 | J40: =IFERROR(__xludf.DUMMYFUNCTION("""COMPUTED_VALUE"""),FALSE) -> FALSE | K40: =IFERROR(__xludf.DUMMYFUNCTION("""COMPUTED_VALUE"""),FALSE) -> FALSE | M40: =IFERROR(__xludf.DUMMYFUNCTION("""COMPUTED_VALUE"""),"Fluvoxamine") -> Fluvoxamine | N40: =IFERROR(__xludf.DUMMYFUNCTION("""COMPUTED_VALUE"""),6.0) -> 6 | O40: =IFERROR(__xludf.DUMMYFUNCTION("""COMPUTED_VALUE"""),3.0) -> 3 | P40: =IFERROR(__xludf.DUMMYFUNCTION("""COMPUTED_VALUE"""),TRUE) -> TRUE | Q40: =IFERROR(__xludf.DUMMYFUNCTION("""COMPUTED_VALUE"""),FALSE) -> FALSE | S40: Desflurane | T40: {=XLOOKUP(S40, MAPK8IP3, B3:B1000, XLOOKUP(S40, ZC4H2, H3:H1000, XLOOKUP(S40, SLC6A1, N3:N1000)))} -> 0 | U40: {=XLOOKUP(S40, MAPK8IP3, C3:C1000, XLOOKUP(S40, ZC4H2, I3:I1000, XLOOKUP(S40, SLC6A1, O3:O1000)))} -> 3 | V40: {=XLOOKUP(S40, MAPK8IP3, D3:D1000, XLOOKUP(S40, ZC4H2, J3:J1000, XLOOKUP(S40, SLC6A1, P3:P1000)))} -> FALSE
A41: =IFERROR(__xludf.DUMMYFUNCTION("""COMPUTED_VALUE"""),"Ciclopirox") -> Ciclopirox | B41: =IFERROR(__xludf.DUMMYFUNCTION("""COMPUTED_VALUE"""),4.0) -> 4 | C41: =IFERROR(__xludf.DUMMYFUNCTION("""COMPUTED_VALUE"""),3.0) -> 3 | D41: =IFERROR(__xludf.DUMMYFUNCTION("""COMPUTED_VALUE"""),FALSE) -> FALSE | E41: =IFERROR(__xludf.DUMMYFUNCTION("""COMPUTED_VALUE"""),FALSE) -> FALSE | G41: =IFERROR(__xludf.DUMMYFUNCTION("""COMPUTED_VALUE"""),"Memantine") -> Memantine | H41: =IFERROR(__xludf.DUMMYFUNCTION("""COMPUTED_VALUE"""),4.0) -> 4 | I41: =IFERROR(__xludf.DUMMYFUNCTION("""COMPUTED_VALUE"""),3.0) -> 3 | J41: =IFERROR(__xludf.DUMMYFUNCTION("""COMPUTED_VALUE"""),FALSE) -> FALSE | K41: =IFERROR(__xludf.DUMMYFUNCTION("""COMPUTED_VALUE"""),FALSE) -> FALSE | M41: =IFERROR(__xludf.DUMMYFUNCTION("""COMPUTED_VALUE"""),"Gabapentin") -> Gabapentin | N41: =IFERROR(__xludf.DUMMYFUNCTION("""COMPUTED_VALUE"""),6.0) -> 6 | O41: =IFERROR(__xludf.DUMMYFUNCTION("""COMPUTED_VALUE"""),3.0) -> 3 | P41: =IFERROR(__xludf.DUMMYFUNCTION("""COMPUTED_VALUE"""),TRUE) -> TRUE | Q41: =IFERROR(__xludf.DUMMYFUNCTION("""COMPUTED_VALUE"""),FALSE) -> FALSE | S41: Desloratadine | T41: {=XLOOKUP(S41, MAPK8IP3, B3:B1000, XLOOKUP(S41, ZC4H2, H3:H1000, XLOOKUP(S41, SLC6A1, N3:N1000)))} -> 5 | U41: {=XLOOKUP(S41, MAPK8IP3, C3:C1000, XLOOKUP(S41, ZC4H2, I3:I1000, XLOOKUP(S41, SLC6A1, O3:O1000)))} -> 3 | V41: {=XLOOKUP(S41, MAPK8IP3, D3:D1000, XLOOKUP(S41, ZC4H2, J3:J1000, XLOOKUP(S41, SLC6A1, P3:P1000)))} -> FALSE
A42: =IFERROR(__xludf.DUMMYFUNCTION("""COMPUTED_VALUE"""),"Guaifenesin") -> Guaifenesin | B42: =IFERROR(__xludf.DUMMYFUNCTION("""COMPUTED_VALUE"""),4.0) -> 4 | C42: =IFERROR(__xludf.DUMMYFUNCTION("""COMPUTED_VALUE"""),3.0) -> 3 | D42: =IFERROR(__xludf.DUMMYFUNCTION("""COMPUTED_VALUE"""),FALSE) -> FALSE | E42: =IFERROR(__xludf.DUMMYFUNCTION("""COMPUTED_VALUE"""),FALSE) -> FALSE | G42: =IFERROR(__xludf.DUMMYFUNCTION("""COMPUTED_VALUE"""),"Methylprednisolone") -> Methylprednisolone | H42: =IFERROR(__xludf.DUMMYFUNCTION("""COMPUTED_VALUE"""),4.0) -> 4 | I42: =IFERROR(__xludf.DUMMYFUNCTION("""COMPUTED_VALUE"""),3.0) -> 3 | J42: =IFERROR(__xludf.DUMMYFUNCTION("""COMPUTED_VALUE"""),FALSE) -> FALSE | K42: =IFERROR(__xludf.DUMMYFUNCTION("""COMPUTED_VALUE"""),FALSE) -> FALSE | M42: =IFERROR(__xludf.DUMMYFUNCTION("""COMPUTED_VALUE"""),"gamma-Hydroxybutyric acid") -> gamma-Hydroxybutyric acid | N42: =IFERROR(__xludf.DUMMYFUNCTION("""COMPUTED_VALUE"""),2.0) -> 2 | O42: =IFERROR(__xludf.DUMMYFUNCTION("""COMPUTED_VALUE"""),3.0) -> 3 | P42: =IFERROR(__xludf.DUMMYFUNCTION("""COMPUTED_VALUE"""),FALSE) -> FALSE | Q42: =IFERROR(__xludf.DUMMYFUNCTION("""COMPUTED_VALUE"""),FALSE) -> FALSE | S42: Desonide | T42: {=XLOOKUP(S42, MAPK8IP3, B3:B1000, XLOOKUP(S42, ZC4H2, H3:H1000, XLOOKUP(S42, SLC6A1, N3:N1000)))} -> 5 | U42: {=XLOOKUP(S42, MAPK8IP3, C3:C1000, XLOOKUP(S42, ZC4H2, I3:I1000, XLOOKUP(S42, SLC6A1, O3:O1000)))} -> 3 | V42: {=XLOOKUP(S42, MAPK8IP3, D3:D1000, XLOOKUP(S42, ZC4H2, J3:J1000, XLOOKUP(S42, SLC6A1, P3:P1000)))} -> FALSE
A43: =IFERROR(__xludf.DUMMYFUNCTION("""COMPUTED_VALUE"""),"Guanfacine") -> Guanfacine | B43: =IFERROR(__xludf.DUMMYFUNCTION("""COMPUTED_VALUE"""),4.0) -> 4 | C43: =IFERROR(__xludf.DUMMYFUNCTION("""COMPUTED_VALUE"""),3.0) -> 3 | D43: =IFERROR(__xludf.DUMMYFUNCTION("""COMPUTED_VALUE"""),TRUE) -> TRUE | E43: =IFERROR(__xludf.DUMMYFUNCTION("""COMPUTED_VALUE"""),TRUE) -> TRUE | G43: =IFERROR(__xludf.DUMMYFUNCTION("""COMPUTED_VALUE"""),"Pregabalin") -> Pregabalin | H43: =IFERROR(__xludf.DUMMYFUNCTION("""COMPUTED_VALUE"""),4.0) -> 4 | I43: =IFERROR(__xludf.DUMMYFUNCTION("""COMPUTED_VALUE"""),3.0) -> 3 | J43: =IFERROR(__xludf.DUMMYFUNCTION("""COMPUTED_VALUE"""),FALSE) -> FALSE | K43: =IFERROR(__xludf.DUMMYFUNCTION("""COMPUTED_VALUE"""),FALSE) -> FALSE | M43: =IFERROR(__xludf.DUMMYFUNCTION("""COMPUTED_VALUE"""),"Glutamic acid") -> Glutamic acid | N43: =IFERROR(__xludf.DUMMYFUNCTION("""COMPUTED_VALUE"""),6.0) -> 6 | O43: =IFERROR(__xludf.DUMMYFUNCTION("""COMPUTED_VALUE"""),3.0) -> 3 | P43: =IFERROR(__xludf.DUMMYFUNCTION("""COMPUTED_VALUE"""),FALSE) -> FALSE | Q43: =IFERROR(__xludf.DUMMYFUNCTION("""COMPUTED_VALUE"""),FALSE) -> FALSE | S43: Desvenlafaxine | T43: {=XLOOKUP(S43, MAPK8IP3, B3:B1000, XLOOKUP(S43, ZC4H2, H3:H1000, XLOOKUP(S43, SLC6A1, N3:N1000)))} -> 6 | U43: {=XLOOKUP(S43, MAPK8IP3, C3:C1000, XLOOKUP(S43, ZC4H2, I3:I1000, XLOOKUP(S43, SLC6A1, O3:O1000)))} -> 3 | V43: {=XLOOKUP(S43, MAPK8IP3, D3:D1000, XLOOKUP(S43, ZC4H2, J3:J1000, XLOOKUP(S43, SLC6A1, P3:P1000)))} -> FALSE
A44: =IFERROR(__xludf.DUMMYFUNCTION("""COMPUTED_VALUE"""),"Levetiracetam") -> Levetiracetam | B44: =IFERROR(__xludf.DUMMYFUNCTION("""COMPUTED_VALUE"""),4.0) -> 4 | C44: =IFERROR(__xludf.DUMMYFUNCTION("""COMPUTED_VALUE"""),3.0) -> 3 | D44: =IFERROR(__xludf.DUMMYFUNCTION("""COMPUTED_VALUE"""),FALSE) -> FALSE | E44: =IFERROR(__xludf.DUMMYFUNCTION("""COMPUTED_VALUE"""),FALSE) -> FALSE | G44: =IFERROR(__xludf.DUMMYFUNCTION("""COMPUTED_VALUE"""),"Alfacalcidol") -> Alfacalcidol | H44: =IFERROR(__xludf.DUMMYFUNCTION("""COMPUTED_VALUE"""),3.0) -> 3 | I44: =IFERROR(__xludf.DUMMYFUNCTION("""COMPUTED_VALUE"""),3.0) -> 3 | J44: =IFERROR(__xludf.DUMMYFUNCTION("""COMPUTED_VALUE"""),FALSE) -> FALSE | K44: =IFERROR(__xludf.DUMMYFUNCTION("""COMPUTED_VALUE"""),FALSE) -> FALSE | M44: =IFERROR(__xludf.DUMMYFUNCTION("""COMPUTED_VALUE"""),"Guanabenz") -> Guanabenz | N44: =IFERROR(__xludf.DUMMYFUNCTION("""COMPUTED_VALUE"""),1.0) -> 1 | O44: =IFERROR(__xludf.DUMMYFUNCTION("""COMPUTED_VALUE"""),3.0) -> 3 | P44: =IFERROR(__xludf.DUMMYFUNCTION("""COMPUTED_VALUE"""),FALSE) -> FALSE | Q44: =IFERROR(__xludf.DUMMYFUNCTION("""COMPUTED_VALUE"""),FALSE) -> FALSE | S44: Dexmedetomidine | T44: {=XLOOKUP(S44, MAPK8IP3, B3:B1000, XLOOKUP(S44, ZC4H2, H3:H1000, XLOOKUP(S44, SLC6A1, N3:N1000)))} -> 2 | U44: {=XLOOKUP(S44, MAPK8IP3, C3:C1000, XLOOKUP(S44, ZC4H2, I3:I1000, XLOOKUP(S44, SLC6A1, O3:O1000)))} -> 3 | V44: {=XLOOKUP(S44, MAPK8IP3, D3:D1000, XLOOKUP(S44, ZC4H2, J3:J1000, XLOOKUP(S44, SLC6A1, P3:P1000)))} -> FALSE
A45: =IFERROR(__xludf.DUMMYFUNCTION("""COMPUTED_VALUE"""),"Memantine") -> Memantine | B45: =IFERROR(__xludf.DUMMYFUNCTION("""COMPUTED_VALUE"""),4.0) -> 4 | C45: =IFERROR(__xludf.DUMMYFUNCTION("""COMPUTED_VALUE"""),3.0) -> 3 | D45: =IFERROR(__xludf.DUMMYFUNCTION("""COMPUTED_VALUE"""),FALSE) -> FALSE | E45: =IFERROR(__xludf.DUMMYFUNCTION("""COMPUTED_VALUE"""),FALSE) -> FALSE | G45: =IFERROR(__xludf.DUMMYFUNCTION("""COMPUTED_VALUE"""),"Clemastine") -> Clemastine | H45: =IFERROR(__xludf.DUMMYFUNCTION("""COMPUTED_VALUE"""),3.0) -> 3 | I45: =IFERROR(__xludf.DUMMYFUNCTION("""COMPUTED_VALUE"""),3.0) -> 3 | J45: =IFERROR(__xludf.DUMMYFUNCTION("""COMPUTED_VALUE"""),FALSE) -> FALSE | K45: =IFERROR(__xludf.DUMMYFUNCTION("""COMPUTED_VALUE"""),FALSE) -> FALSE | M45: =IFERROR(__xludf.DUMMYFUNCTION("""COMPUTED_VALUE"""),"Guanfacine") -> Guanfacine | N45: =IFERROR(__xludf.DUMMYFUNCTION("""COMPUTED_VALUE"""),4.0) -> 4 | O45: =IFERROR(__xludf.DUMMYFUNCTION("""COMPUTED_VALUE"""),3.0) -> 3 | P45: =IFERROR(__xludf.DUMMYFUNCTION("""COMPUTED_VALUE"""),TRUE) -> TRUE | Q45: =IFERROR(__xludf.DUMMYFUNCTION("""COMPUTED_VALUE"""),FALSE) -> FALSE | S45: Dextromethorphan | T45: {=XLOOKUP(S45, MAPK8IP3, B3:B1000, XLOOKUP(S45, ZC4H2, H3:H1000, XLOOKUP(S45, SLC6A1, N3:N1000)))} -> 5 | U45: {=XLOOKUP(S45, MAPK8IP3, C3:C1000, XLOOKUP(S45, ZC4H2, I3:I1000, XLOOKUP(S45, SLC6A1, O3:O1000)))} -> 3 | V45: {=XLOOKUP(S45, MAPK8IP3, D3:D1000, XLOOKUP(S45, ZC4H2, J3:J1000, XLOOKUP(S45, SLC6A1, P3:P1000)))} -> FALSE
A46: =IFERROR(__xludf.DUMMYFUNCTION("""COMPUTED_VALUE"""),"Methylprednisolone") -> Methylprednisolone | B46: =IFERROR(__xludf.DUMMYFUNCTION("""COMPUTED_VALUE"""),4.0) -> 4 | C46: =IFERROR(__xludf.DUMMYFUNCTION("""COMPUTED_VALUE"""),3.0) -> 3 | D46: =IFERROR(__xludf.DUMMYFUNCTION("""COMPUTED_VALUE"""),FALSE) -> FALSE | E46: =IFERROR(__xludf.DUMMYFUNCTION("""COMPUTED_VALUE"""),FALSE) -> FALSE | G46: =IFERROR(__xludf.DUMMYFUNCTION("""COMPUTED_VALUE"""),"Hydroxyurea") -> Hydroxyurea | H46: =IFERROR(__xludf.DUMMYFUNCTION("""COMPUTED_VALUE"""),3.0) -> 3 | I46: =IFERROR(__xludf.DUMMYFUNCTION("""COMPUTED_VALUE"""),3.0) -> 3 | J46: =IFERROR(__xludf.DUMMYFUNCTION("""COMPUTED_VALUE"""),FALSE) -> FALSE | K46: =IFERROR(__xludf.DUMMYFUNCTION("""COMPUTED_VALUE"""),FALSE) -> FALSE | M46: =IFERROR(__xludf.DUMMYFUNCTION("""COMPUTED_VALUE"""),"Hydromorphone") -> Hydromorphone | N46: =IFERROR(__xludf.DUMMYFUNCTION("""COMPUTED_VALUE"""),1.0) -> 1 | O46: =IFERROR(__xludf.DUMMYFUNCTION("""COMPUTED_VALUE"""),3.0) -> 3 | P46: =IFERROR(__xludf.DUMMYFUNCTION("""COMPUTED_VALUE"""),FALSE) -> FALSE | Q46: =IFERROR(__xludf.DUMMYFUNCTION("""COMPUTED_VALUE"""),FALSE) -> FALSE | S46: Disopyramide | T46: {=XLOOKUP(S46, MAPK8IP3, B3:B1000, XLOOKUP(S46, ZC4H2, H3:H1000, XLOOKUP(S46, SLC6A1, N3:N1000)))} -> 1 | U46: {=XLOOKUP(S46, MAPK8IP3, C3:C1000, XLOOKUP(S46, ZC4H2, I3:I1000, XLOOKUP(S46, SLC6A1, O3:O1000)))} -> 3 | V46: {=XLOOKUP(S46, MAPK8IP3, D3:D1000, XLOOKUP(S46, ZC4H2, J3:J1000, XLOOKUP(S46, SLC6A1, P3:P1000)))} -> FALSE
A47: =IFERROR(__xludf.DUMMYFUNCTION("""COMPUTED_VALUE"""),"Permethrin") -> Permethrin | B47: =IFERROR(__xludf.DUMMYFUNCTION("""COMPUTED_VALUE"""),4.0) -> 4 | C47: =IFERROR(__xludf.DUMMYFUNCTION("""COMPUTED_VALUE"""),3.0) -> 3 | D47: =IFERROR(__xludf.DUMMYFUNCTION("""COMPUTED_VALUE"""),FALSE) -> FALSE | E47: =IFERROR(__xludf.DUMMYFUNCTION("""COMPUTED_VALUE"""),FALSE) -> FALSE | G47: =IFERROR(__xludf.DUMMYFUNCTION("""COMPUTED_VALUE"""),"Insulin human") -> Insulin human | H47: =IFERROR(__xludf.DUMMYFUNCTION("""COMPUTED_VALUE"""),3.0) -> 3 | I47: =IFERROR(__xludf.DUMMYFUNCTION("""COMPUTED_VALUE"""),3.0) -> 3 | J47: =IFERROR(__xludf.DUMMYFUNCTION("""COMPUTED_VALUE"""),FALSE) -> FALSE | K47: =IFERROR(__xludf.DUMMYFUNCTION("""COMPUTED_VALUE"""),FALSE) -> FALSE | M47: =IFERROR(__xludf.DUMMYFUNCTION("""COMPUTED_VALUE"""),"Hydroxyurea") -> Hydroxyurea | N47: =IFERROR(__xludf.DUMMYFUNCTION("""COMPUTED_VALUE"""),3.0) -> 3 | O47: =IFERROR(__xludf.DUMMYFUNCTION("""COMPUTED_VALUE"""),3.0) -> 3 | P47: =IFERROR(__xludf.DUMMYFUNCTION("""COMPUTED_VALUE"""),FALSE) -> FALSE | Q47: =IFERROR(__xludf.DUMMYFUNCTION("""COMPUTED_VALUE"""),FALSE) -> FALSE | S47: Eplerenone | T47: {=XLOOKUP(S47, MAPK8IP3, B3:B1000, XLOOKUP(S47, ZC4H2, H3:H1000, XLOOKUP(S47, SLC6A1, N3:N1000)))} -> 2 | U47: {=XLOOKUP(S47, MAPK8IP3, C3:C1000, XLOOKUP(S47, ZC4H2, I3:I1000, XLOOKUP(S47, SLC6A1, O3:O1000)))} -> 3 | V47: {=XLOOKUP(S47, MAPK8IP3, D3:D1000, XLOOKUP(S47, ZC4H2, J3:J1000, XLOOKUP(S47, SLC6A1, P3:P1000)))} -> FALSE
A48: =IFERROR(__xludf.DUMMYFUNCTION("""COMPUTED_VALUE"""),"Pregabalin") -> Pregabalin | B48: =IFERROR(__xludf.DUMMYFUNCTION("""COMPUTED_VALUE"""),4.0) -> 4 | C48: =IFERROR(__xludf.DUMMYFUNCTION("""COMPUTED_VALUE"""),3.0) -> 3 | D48: =IFERROR(__xludf.DUMMYFUNCTION("""COMPUTED_VALUE"""),FALSE) -> FALSE | E48: =IFERROR(__xludf.DUMMYFUNCTION("""COMPUTED_VALUE"""),FALSE) -> FALSE | G48: =IFERROR(__xludf.DUMMYFUNCTION("""COMPUTED_VALUE"""),"Lisdexamfetamine") -> Lisdexamfetamine | H48: =IFERROR(__xludf.DUMMYFUNCTION("""COMPUTED_VALUE"""),3.0) -> 3 | I48: =IFERROR(__xludf.DUMMYFUNCTION("""COMPUTED_VALUE"""),3.0) -> 3 | J48: =IFERROR(__xludf.DUMMYFUNCTION("""COMPUTED_VALUE"""),FALSE) -> FALSE | K48: =IFERROR(__xludf.DUMMYFUNCTION("""COMPUTED_VALUE"""),FALSE) -> FALSE | M48: =IFERROR(__xludf.DUMMYFUNCTION("""COMPUTED_VALUE"""),"Hydroxyzine") -> Hydroxyzine | N48: =IFERROR(__xludf.DUMMYFUNCTION("""COMPUTED_VALUE"""),6.0) -> 6 | O48: =IFERROR(__xludf.DUMMYFUNCTION("""COMPUTED_VALUE"""),3.0) -> 3 | P48: =IFERROR(__xludf.DUMMYFUNCTION("""COMPUTED_VALUE"""),FALSE) -> FALSE | Q48: =IFERROR(__xludf.DUMMYFUNCTION("""COMPUTED_VALUE"""),FALSE) -> FALSE | S48: Escitalopram | T48: {=XLOOKUP(S48, MAPK8IP3, B3:B1000, XLOOKUP(S48, ZC4H2, H3:H1000, XLOOKUP(S48, SLC6A1, N3:N1000)))} -> 6 | U48: {=XLOOKUP(S48, MAPK8IP3, C3:C1000, XLOOKUP(S48, ZC4H2, I3:I1000, XLOOKUP(S48, SLC6A1, O3:O1000)))} -> 3 | V48: {=XLOOKUP(S48, MAPK8IP3, D3:D1000, XLOOKUP(S48, ZC4H2, J3:J1000, XLOOKUP(S48, SLC6A1, P3:P1000)))} -> TRUE
A49: =IFERROR(__xludf.DUMMYFUNCTION("""COMPUTED_VALUE"""),"Alfacalcidol") -> Alfacalcidol | B49: =IFERROR(__xludf.DUMMYFUNCTION("""COMPUTED_VALUE"""),3.0) -> 3 | C49: =IFERROR(__xludf.DUMMYFUNCTION("""COMPUTED_VALUE"""),3.0) -> 3 | D49: =IFERROR(__xludf.DUMMYFUNCTION("""COMPUTED_VALUE"""),FALSE) -> FALSE | E49: =IFERROR(__xludf.DUMMYFUNCTION("""COMPUTED_VALUE"""),FALSE) -> FALSE | G49: =IFERROR(__xludf.DUMMYFUNCTION("""COMPUTED_VALUE"""),"Nadolol") -> Nadolol | H49: =IFERROR(__xludf.DUMMYFUNCTION("""COMPUTED_VALUE"""),3.0) -> 3 | I49: =IFERROR(__xludf.DUMMYFUNCTION("""COMPUTED_VALUE"""),3.0) -> 3 | J49: =IFERROR(__xludf.DUMMYFUNCTION("""COMPUTED_VALUE"""),FALSE) -> FALSE | K49: =IFERROR(__xludf.DUMMYFUNCTION("""COMPUTED_VALUE"""),FALSE) -> FALSE | M49: =IFERROR(__xludf.DUMMYFUNCTION("""COMPUTED_VALUE"""),"Insulin human") -> Insulin human | N49: =IFERROR(__xludf.DUMMYFUNCTION("""COMPUTED_VALUE"""),3.0) -> 3 | O49: =IFERROR(__xludf.DUMMYFUNCTION("""COMPUTED_VALUE"""),3.0) -> 3 | P49: =IFERROR(__xludf.DUMMYFUNCTION("""COMPUTED_VALUE"""),FALSE) -> FALSE | Q49: =IFERROR(__xludf.DUMMYFUNCTION("""COMPUTED_VALUE"""),FALSE) -> FALSE | S49: Ethambutol | T49: {=XLOOKUP(S49, MAPK8IP3, B3:B1000, XLOOKUP(S49, ZC4H2, H3:H1000, XLOOKUP(S49, SLC6A1, N3:N1000)))} -> 1 | U49: {=XLOOKUP(S49, MAPK8IP3, C3:C1000, XLOOKUP(S49, ZC4H2, I3:I1000, XLOOKUP(S49, SLC6A1, O3:O1000)))} -> 3 | V49: {=XLOOKUP(S49, MAPK8IP3, D3:D1000, XLOOKUP(S49, ZC4H2, J3:J1000, XLOOKUP(S49, SLC6A1, P3:P1000)))} -> FALSE
A50: =IFERROR(__xludf.DUMMYFUNCTION("""COMPUTED_VALUE"""),"Baclofen") -> Baclofen | B50: =IFERROR(__xludf.DUMMYFUNCTION("""COMPUTED_VALUE"""),3.0) -> 3 | C50: =IFERROR(__xludf.DUMMYFUNCTION("""COMPUTED_VALUE"""),3.0) -> 3 | D50: =IFERROR(__xludf.DUMMYFUNCTION("""COMPUTED_VALUE"""),TRUE) -> TRUE | E50: =IFERROR(__xludf.DUMMYFUNCTION("""COMPUTED_VALUE"""),TRUE) -> TRUE | G50: =IFERROR(__xludf.DUMMYFUNCTION("""COMPUTED_VALUE"""),"Naloxone") -> Naloxone | H50: =IFERROR(__xludf.DUMMYFUNCTION("""COMPUTED_VALUE"""),3.0) -> 3 | I50: =IFERROR(__xludf.DUMMYFUNCTION("""COMPUTED_VALUE"""),3.0) -> 3 | J50: =IFERROR(__xludf.DUMMYFUNCTION("""COMPUTED_VALUE"""),FALSE) -> FALSE | K50: =IFERROR(__xludf.DUMMYFUNCTION("""COMPUTED_VALUE"""),FALSE) -> FALSE | M50: =IFERROR(__xludf.DUMMYFUNCTION("""COMPUTED_VALUE"""),"Ketamine") -> Ketamine | N50: =IFERROR(__xludf.DUMMYFUNCTION("""COMPUTED_VALUE"""),0.0) -> 0 | O50: =IFERROR(__xludf.DUMMYFUNCTION("""COMPUTED_VALUE"""),3.0) -> 3 | P50: =IFERROR(__xludf.DUMMYFUNCTION("""COMPUTED_VALUE"""),FALSE) -> FALSE | Q50: =IFERROR(__xludf.DUMMYFUNCTION("""COMPUTED_VALUE"""),FALSE) -> FALSE | S50: Ethosuximide | T50: {=XLOOKUP(S50, MAPK8IP3, B3:B1000, XLOOKUP(S50, ZC4H2, H3:H1000, XLOOKUP(S50, SLC6A1, N3:N1000)))} -> 2 | U50: {=XLOOKUP(S50, MAPK8IP3, C3:C1000, XLOOKUP(S50, ZC4H2, I3:I1000, XLOOKUP(S50, SLC6A1, O3:O1000)))} -> 3 | V50: {=XLOOKUP(S50, MAPK8IP3, D3:D1000, XLOOKUP(S50, ZC4H2, J3:J1000, XLOOKUP(S50, SLC6A1, P3:P1000)))} -> FALSE
A51: =IFERROR(__xludf.DUMMYFUNCTION("""COMPUTED_VALUE"""),"Clemastine") -> Clemastine | B51: =IFERROR(__xludf.DUMMYFUNCTION("""COMPUTED_VALUE"""),3.0) -> 3 | C51: =IFERROR(__xludf.DUMMYFUNCTION("""COMPUTED_VALUE"""),3.0) -> 3 | D51: =IFERROR(__xludf.DUMMYFUNCTION("""COMPUTED_VALUE"""),FALSE) -> FALSE | E51: =IFERROR(__xludf.DUMMYFUNCTION("""COMPUTED_VALUE"""),FALSE) -> FALSE | G51: =IFERROR(__xludf.DUMMYFUNCTION("""COMPUTED_VALUE"""),"Pseudoephedrine") -> Pseudoephedrine | H51: =IFERROR(__xludf.DUMMYFUNCTION("""COMPUTED_VALUE"""),3.0) -> 3 | I51: =IFERROR(__xludf.DUMMYFUNCTION("""COMPUTED_VALUE"""),3.0) -> 3 | J51: =IFERROR(__xludf.DUMMYFUNCTION("""COMPUTED_VALUE"""),FALSE) -> FALSE | K51: =IFERROR(__xludf.DUMMYFUNCTION("""COMPUTED_VALUE"""),FALSE) -> FALSE | M51: =IFERROR(__xludf.DUMMYFUNCTION("""COMPUTED_VALUE"""),"Levamisole") -> Levamisole | N51: =IFERROR(__xludf.DUMMYFUNCTION("""COMPUTED_VALUE"""),1.0) -> 1 | O51: =IFERROR(__xludf.DUMMYFUNCTION("""COMPUTED_VALUE"""),3.0) -> 3 | P51: =IFERROR(__xludf.DUMMYFUNCTION("""COMPUTED_VALUE"""),FALSE) -> FALSE | Q51: =IFERROR(__xludf.DUMMYFUNCTION("""COMPUTED_VALUE"""),FALSE) -> FALSE | S51: Everolimus | T51: {=XLOOKUP(S51, MAPK8IP3, B3:B1000, XLOOKUP(S51, ZC4H2, H3:H1000, XLOOKUP(S51, SLC6A1, N3:N1000)))} -> 1 | U51: {=XLOOKUP(S51, MAPK8IP3, C3:C1000, XLOOKUP(S51, ZC4H2, I3:I1000, XLOOKUP(S51, SLC6A1, O3:O1000)))} -> 3 | V51: {=XLOOKUP(S51, MAPK8IP3, D3:D1000, XLOOKUP(S51, ZC4H2, J3:J1000, XLOOKUP(S51, SLC6A1, P3:P1000)))} -> TRUE
A52: =IFERROR(__xludf.DUMMYFUNCTION("""COMPUTED_VALUE"""),"Hydroxyurea") -> Hydroxyurea | B52: =IFERROR(__xludf.DUMMYFUNCTION("""COMPUTED_VALUE"""),3.0) -> 3 | C52: =IFERROR(__xludf.DUMMYFUNCTION("""COMPUTED_VALUE"""),3.0) -> 3 | D52: =IFERROR(__xludf.DUMMYFUNCTION("""COMPUTED_VALUE"""),FALSE) -> FALSE | E52: =IFERROR(__xludf.DUMMYFUNCTION("""COMPUTED_VALUE"""),FALSE) -> FALSE | G52: =IFERROR(__xludf.DUMMYFUNCTION("""COMPUTED_VALUE"""),"Succinic acid") -> Succinic acid | H52: =IFERROR(__xludf.DUMMYFUNCTION("""COMPUTED_VALUE"""),3.0) -> 3 | I52: =IFERROR(__xludf.DUMMYFUNCTION("""COMPUTED_VALUE"""),3.0) -> 3 | J52: =IFERROR(__xludf.DUMMYFUNCTION("""COMPUTED_VALUE"""),FALSE) -> FALSE | K52: =IFERROR(__xludf.DUMMYFUNCTION("""COMPUTED_VALUE"""),FALSE) -> FALSE | M52: =IFERROR(__xludf.DUMMYFUNCTION("""COMPUTED_VALUE"""),"Levetiracetam") -> Levetiracetam | N52: =IFERROR(__xludf.DUMMYFUNCTION("""COMPUTED_VALUE"""),4.0) -> 4 | O52: =IFERROR(__xludf.DUMMYFUNCTION("""COMPUTED_VALUE"""),3.0) -> 3 | P52: =IFERROR(__xludf.DUMMYFUNCTION("""COMPUTED_VALUE"""),FALSE) -> FALSE | Q52: =IFERROR(__xludf.DUMMYFUNCTION("""COMPUTED_VALUE"""),FALSE) -> FALSE | S52: Ezetimibe | T52: {=XLOOKUP(S52, MAPK8IP3, B3:B1000, XLOOKUP(S52, ZC4H2, H3:H1000, XLOOKUP(S52, SLC6A1, N3:N1000)))} -> 5 | U52: {=XLOOKUP(S52, MAPK8IP3, C3:C1000, XLOOKUP(S52, ZC4H2, I3:I1000, XLOOKUP(S52, SLC6A1, O3:O1000)))} -> 3 | V52: {=XLOOKUP(S52, MAPK8IP3, D3:D1000, XLOOKUP(S52, ZC4H2, J3:J1000, XLOOKUP(S52, SLC6A1, P3:P1000)))} -> FALSE
A53: =IFERROR(__xludf.DUMMYFUNCTION("""COMPUTED_VALUE"""),"Insulin human") -> Insulin human | B53: =IFERROR(__xludf.DUMMYFUNCTION("""COMPUTED_VALUE"""),3.0) -> 3 | C53: =IFERROR(__xludf.DUMMYFUNCTION("""COMPUTED_VALUE"""),3.0) -> 3 | D53: =IFERROR(__xludf.DUMMYFUNCTION("""COMPUTED_VALUE"""),FALSE) -> FALSE | E53: =IFERROR(__xludf.DUMMYFUNCTION("""COMPUTED_VALUE"""),FALSE) -> FALSE | G53: =IFERROR(__xludf.DUMMYFUNCTION("""COMPUTED_VALUE"""),"Tretinoin") -> Tretinoin | H53: =IFERROR(__xludf.DUMMYFUNCTION("""COMPUTED_VALUE"""),3.0) -> 3 | I53: =IFERROR(__xludf.DUMMYFUNCTION("""COMPUTED_VALUE"""),3.0) -> 3 | J53: =IFERROR(__xludf.DUMMYFUNCTION("""COMPUTED_VALUE"""),FALSE) -> FALSE | K53: =IFERROR(__xludf.DUMMYFUNCTION("""COMPUTED_VALUE"""),FALSE) -> FALSE | M53: =IFERROR(__xludf.DUMMYFUNCTION("""COMPUTED_VALUE"""),"Lidocaine") -> Lidocaine | N53: =IFERROR(__xludf.DUMMYFUNCTION("""COMPUTED_VALUE"""),5.0) -> 5 | O53: =IFERROR(__xludf.DUMMYFUNCTION("""COMPUTED_VALUE"""),3.0) -> 3 | P53: =IFERROR(__xludf.DUMMYFUNCTION("""COMPUTED_VALUE"""),FALSE) -> FALSE | Q53: =IFERROR(__xludf.DUMMYFUNCTION("""COMPUTED_VALUE"""),FALSE) -> FALSE | S53: Felbamate | T53: {=XLOOKUP(S53, MAPK8IP3, B3:B1000, XLOOKUP(S53, ZC4H2, H3:H1000, XLOOKUP(S53, SLC6A1, N3:N1000)))} -> 1 | U53: {=XLOOKUP(S53, MAPK8IP3, C3:C1000, XLOOKUP(S53, ZC4H2, I3:I1000, XLOOKUP(S53, SLC6A1, O3:O1000)))} -> 3 | V53: {=XLOOKUP(S53, MAPK8IP3, D3:D1000, XLOOKUP(S53, ZC4H2, J3:J1000, XLOOKUP(S53, SLC6A1, P3:P1000)))} -> FALSE
A54: =IFERROR(__xludf.DUMMYFUNCTION("""COMPUTED_VALUE"""),"Lisdexamfetamine") -> Lisdexamfetamine | B54: =IFERROR(__xludf.DUMMYFUNCTION("""COMPUTED_VALUE"""),3.0) -> 3 | C54: =IFERROR(__xludf.DUMMYFUNCTION("""COMPUTED_VALUE"""),3.0) -> 3 | D54: =IFERROR(__xludf.DUMMYFUNCTION("""COMPUTED_VALUE"""),FALSE) -> FALSE | E54: =IFERROR(__xludf.DUMMYFUNCTION("""COMPUTED_VALUE"""),FALSE) -> FALSE | G54: =IFERROR(__xludf.DUMMYFUNCTION("""COMPUTED_VALUE"""),"Amantadine") -> Amantadine | H54: =IFERROR(__xludf.DUMMYFUNCTION("""COMPUTED_VALUE"""),2.0) -> 2 | I54: =IFERROR(__xludf.DUMMYFUNCTION("""COMPUTED_VALUE"""),3.0) -> 3 | J54: =IFERROR(__xludf.DUMMYFUNCTION("""COMPUTED_VALUE"""),TRUE) -> TRUE | K54: =IFERROR(__xludf.DUMMYFUNCTION("""COMPUTED_VALUE"""),FALSE) -> FALSE | M54: =IFERROR(__xludf.DUMMYFUNCTION("""COMPUTED_VALUE"""),"Lisdexamfetamine") -> Lisdexamfetamine | N54: =IFERROR(__xludf.DUMMYFUNCTION("""COMPUTED_VALUE"""),3.0) -> 3 | O54: =IFERROR(__xludf.DUMMYFUNCTION("""COMPUTED_VALUE"""),3.0) -> 3 | P54: =IFERROR(__xludf.DUMMYFUNCTION("""COMPUTED_VALUE"""),FALSE) -> FALSE | Q54: =IFERROR(__xludf.DUMMYFUNCTION("""COMPUTED_VALUE"""),FALSE) -> FALSE | S54: Fexofenadine | T54: {=XLOOKUP(S54, MAPK8IP3, B3:B1000, XLOOKUP(S54, ZC4H2, H3:H1000, XLOOKUP(S54, SLC6A1, N3:N1000)))} -> 5 | U54: {=XLOOKUP(S54, MAPK8IP3, C3:C1000, XLOOKUP(S54, ZC4H2, I3:I1000, XLOOKUP(S54, SLC6A1, O3:O1000)))} -> 3 | V54: {=XLOOKUP(S54, MAPK8IP3, D3:D1000, XLOOKUP(S54, ZC4H2, J3:J1000, XLOOKUP(S54, SLC6A1, P3:P1000)))} -> FALSE
A55: =IFERROR(__xludf.DUMMYFUNCTION("""COMPUTED_VALUE"""),"Naloxone") -> Naloxone | B55: =IFERROR(__xludf.DUMMYFUNCTION("""COMPUTED_VALUE"""),3.0) -> 3 | C55: =IFERROR(__xludf.DUMMYFUNCTION("""COMPUTED_VALUE"""),3.0) -> 3 | D55: =IFERROR(__xludf.DUMMYFUNCTION("""COMPUTED_VALUE"""),FALSE) -> FALSE | E55: =IFERROR(__xludf.DUMMYFUNCTION("""COMPUTED_VALUE"""),FALSE) -> FALSE | G55: =IFERROR(__xludf.DUMMYFUNCTION("""COMPUTED_VALUE"""),"Anakinra") -> Anakinra | H55: =IFERROR(__xludf.DUMMYFUNCTION("""COMPUTED_VALUE"""),2.0) -> 2 | I55: =IFERROR(__xludf.DUMMYFUNCTION("""COMPUTED_VALUE"""),3.0) -> 3 | J55: =IFERROR(__xludf.DUMMYFUNCTION("""COMPUTED_VALUE"""),FALSE) -> FALSE | K55: =IFERROR(__xludf.DUMMYFUNCTION("""COMPUTED_VALUE"""),FALSE) -> FALSE | M55: =IFERROR(__xludf.DUMMYFUNCTION("""COMPUTED_VALUE"""),"Lovastatin") -> Lovastatin | N55: =IFERROR(__xludf.DUMMYFUNCTION("""COMPUTED_VALUE"""),6.0) -> 6 | O55: =IFERROR(__xludf.DUMMYFUNCTION("""COMPUTED_VALUE"""),3.0) -> 3 | P55: =IFERROR(__xludf.DUMMYFUNCTION("""COMPUTED_VALUE"""),TRUE) -> TRUE | Q55: =IFERROR(__xludf.DUMMYFUNCTION("""COMPUTED_VALUE"""),FALSE) -> FALSE | S55: Flunarizine | T55: {=XLOOKUP(S55, MAPK8IP3, B3:B1000, XLOOKUP(S55, ZC4H2, H3:H1000, XLOOKUP(S55, SLC6A1, N3:N1000)))} -> 2 | U55: {=XLOOKUP(S55, MAPK8IP3, C3:C1000, XLOOKUP(S55, ZC4H2, I3:I1000, XLOOKUP(S55, SLC6A1, O3:O1000)))} -> 3 | V55: {=XLOOKUP(S55, MAPK8IP3, D3:D1000, XLOOKUP(S55, ZC4H2, J3:J1000, XLOOKUP(S55, SLC6A1, P3:P1000)))} -> FALSE
A56: =IFERROR(__xludf.DUMMYFUNCTION("""COMPUTED_VALUE"""),"Pseudoephedrine") -> Pseudoephedrine | B56: =IFERROR(__xludf.DUMMYFUNCTION("""COMPUTED_VALUE"""),3.0) -> 3 | C56: =IFERROR(__xludf.DUMMYFUNCTION("""COMPUTED_VALUE"""),3.0) -> 3 | D56: =IFERROR(__xludf.DUMMYFUNCTION("""COMPUTED_VALUE"""),FALSE) -> FALSE | E56: =IFERROR(__xludf.DUMMYFUNCTION("""COMPUTED_VALUE"""),FALSE) -> FALSE | G56: =IFERROR(__xludf.DUMMYFUNCTION("""COMPUTED_VALUE"""),"Bisoprolol") -> Bisoprolol | H56: =IFERROR(__xludf.DUMMYFUNCTION("""COMPUTED_VALUE"""),2.0) -> 2 | I56: =IFERROR(__xludf.DUMMYFUNCTION("""COMPUTED_VALUE"""),3.0) -> 3 | J56: =IFERROR(__xludf.DUMMYFUNCTION("""COMPUTED_VALUE"""),FALSE) -> FALSE | K56: =IFERROR(__xludf.DUMMYFUNCTION("""COMPUTED_VALUE"""),FALSE) -> FALSE | M56: =IFERROR(__xludf.DUMMYFUNCTION("""COMPUTED_VALUE"""),"Memantine") -> Memantine | N56: =IFERROR(__xludf.DUMMYFUNCTION("""COMPUTED_VALUE"""),4.0) -> 4 | O56: =IFERROR(__xludf.DUMMYFUNCTION("""COMPUTED_VALUE"""),3.0) -> 3 | P56: =IFERROR(__xludf.DUMMYFUNCTION("""COMPUTED_VALUE"""),FALSE) -> FALSE | Q56: =IFERROR(__xludf.DUMMYFUNCTION("""COMPUTED_VALUE"""),FALSE) -> FALSE | S56: Fluvoxamine | T56: {=XLOOKUP(S56, MAPK8IP3, B3:B1000, XLOOKUP(S56, ZC4H2, H3:H1000, XLOOKUP(S56, SLC6A1, N3:N1000)))} -> 6 | U56: {=XLOOKUP(S56, MAPK8IP3, C3:C1000, XLOOKUP(S56, ZC4H2, I3:I1000, XLOOKUP(S56, SLC6A1, O3:O1000)))} -> 3 | V56: {=XLOOKUP(S56, MAPK8IP3, D3:D1000, XLOOKUP(S56, ZC4H2, J3:J1000, XLOOKUP(S56, SLC6A1, P3:P1000)))} -> TRUE
A57: =IFERROR(__xludf.DUMMYFUNCTION("""COMPUTED_VALUE"""),"Succinic acid") -> Succinic acid | B57: =IFERROR(__xludf.DUMMYFUNCTION("""COMPUTED_VALUE"""),3.0) -> 3 | C57: =IFERROR(__xludf.DUMMYFUNCTION("""COMPUTED_VALUE"""),3.0) -> 3 | D57: =IFERROR(__xludf.DUMMYFUNCTION("""COMPUTED_VALUE"""),FALSE) -> FALSE | E57: =IFERROR(__xludf.DUMMYFUNCTION("""COMPUTED_VALUE"""),FALSE) -> FALSE | G57: =IFERROR(__xludf.DUMMYFUNCTION("""COMPUTED_VALUE"""),"Ciclesonide") -> Ciclesonide | H57: =IFERROR(__xludf.DUMMYFUNCTION("""COMPUTED_VALUE"""),2.0) -> 2 | I57: =IFERROR(__xludf.DUMMYFUNCTION("""COMPUTED_VALUE"""),3.0) -> 3 | J57: =IFERROR(__xludf.DUMMYFUNCTION("""COMPUTED_VALUE"""),FALSE) -> FALSE | K57: =IFERROR(__xludf.DUMMYFUNCTION("""COMPUTED_VALUE"""),FALSE) -> FALSE | M57: =IFERROR(__xludf.DUMMYFUNCTION("""COMPUTED_VALUE"""),"Meperidine") -> Meperidine | N57: =IFERROR(__xludf.DUMMYFUNCTION("""COMPUTED_VALUE"""),0.0) -> 0 | O57: =IFERROR(__xludf.DUMMYFUNCTION("""COMPUTED_VALUE"""),3.0) -> 3 | P57: =IFERROR(__xludf.DUMMYFUNCTION("""COMPUTED_VALUE"""),FALSE) -> FALSE | Q57: =IFERROR(__xludf.DUMMYFUNCTION("""COMPUTED_VALUE"""),FALSE) -> FALSE | S57: Fusidic acid | T57: {=XLOOKUP(S57, MAPK8IP3, B3:B1000, XLOOKUP(S57, ZC4H2, H3:H1000, XLOOKUP(S57, SLC6A1, N3:N1000)))} -> 1 | U57: {=XLOOKUP(S57, MAPK8IP3, C3:C1000, XLOOKUP(S57, ZC4H2, I3:I1000, XLOOKUP(S57, SLC6A1, O3:O1000)))} -> 3 | V57: {=XLOOKUP(S57, MAPK8IP3, D3:D1000, XLOOKUP(S57, ZC4H2, J3:J1000, XLOOKUP(S57, SLC6A1, P3:P1000)))} -> FALSE
A58: =IFERROR(__xludf.DUMMYFUNCTION("""COMPUTED_VALUE"""),"Tretinoin") -> Tretinoin | B58: =IFERROR(__xludf.DUMMYFUNCTION("""COMPUTED_VALUE"""),3.0) -> 3 | C58: =IFERROR(__xludf.DUMMYFUNCTION("""COMPUTED_VALUE"""),3.0) -> 3 | D58: =IFERROR(__xludf.DUMMYFUNCTION("""COMPUTED_VALUE"""),FALSE) -> FALSE | E58: =IFERROR(__xludf.DUMMYFUNCTION("""COMPUTED_VALUE"""),FALSE) -> FALSE | G58: =IFERROR(__xludf.DUMMYFUNCTION("""COMPUTED_VALUE"""),"Dexmedetomidine") -> Dexmedetomidine | H58: =IFERROR(__xludf.DUMMYFUNCTION("""COMPUTED_VALUE"""),2.0) -> 2 | I58: =IFERROR(__xludf.DUMMYFUNCTION("""COMPUTED_VALUE"""),3.0) -> 3 | J58: =IFERROR(__xludf.DUMMYFUNCTION("""COMPUTED_VALUE"""),FALSE) -> FALSE | K58: =IFERROR(__xludf.DUMMYFUNCTION("""COMPUTED_VALUE"""),FALSE) -> FALSE | M58: =IFERROR(__xludf.DUMMYFUNCTION("""COMPUTED_VALUE"""),"Mepivacaine") -> Mepivacaine | N58: =IFERROR(__xludf.DUMMYFUNCTION("""COMPUTED_VALUE"""),0.0) -> 0 | O58: =IFERROR(__xludf.DUMMYFUNCTION("""COMPUTED_VALUE"""),3.0) -> 3 | P58: =IFERROR(__xludf.DUMMYFUNCTION("""COMPUTED_VALUE"""),FALSE) -> FALSE | Q58: =IFERROR(__xludf.DUMMYFUNCTION("""COMPUTED_VALUE"""),FALSE) -> FALSE | S58: Gabapentin | T58: {=XLOOKUP(S58, MAPK8IP3, B3:B1000, XLOOKUP(S58, ZC4H2, H3:H1000, XLOOKUP(S58, SLC6A1, N3:N1000)))} -> 6 | U58: {=XLOOKUP(S58, MAPK8IP3, C3:C1000, XLOOKUP(S58, ZC4H2, I3:I1000, XLOOKUP(S58, SLC6A1, O3:O1000)))} -> 3 | V58: {=XLOOKUP(S58, MAPK8IP3, D3:D1000, XLOOKUP(S58, ZC4H2, J3:J1000, XLOOKUP(S58, SLC6A1, P3:P1000)))} -> TRUE
A59: =IFERROR(__xludf.DUMMYFUNCTION("""COMPUTED_VALUE"""),"Amantadine") -> Amantadine | B59: =IFERROR(__xludf.DUMMYFUNCTION("""COMPUTED_VALUE"""),2.0) -> 2 | C59: =IFERROR(__xludf.DUMMYFUNCTION("""COMPUTED_VALUE"""),3.0) -> 3 | D59: =IFERROR(__xludf.DUMMYFUNCTION("""COMPUTED_VALUE"""),TRUE) -> TRUE | E59: =IFERROR(__xludf.DUMMYFUNCTION("""COMPUTED_VALUE"""),TRUE) -> TRUE | G59: =IFERROR(__xludf.DUMMYFUNCTION("""COMPUTED_VALUE"""),"Eplerenone") -> Eplerenone | H59: =IFERROR(__xludf.DUMMYFUNCTION("""COMPUTED_VALUE"""),2.0) -> 2 | I59: =IFERROR(__xludf.DUMMYFUNCTION("""COMPUTED_VALUE"""),3.0) -> 3 | J59: =IFERROR(__xludf.DUMMYFUNCTION("""COMPUTED_VALUE"""),FALSE) -> FALSE | K59: =IFERROR(__xludf.DUMMYFUNCTION("""COMPUTED_VALUE"""),FALSE) -> FALSE | M59: =IFERROR(__xludf.DUMMYFUNCTION("""COMPUTED_VALUE"""),"Metformin") -> Metformin | N59: =IFERROR(__xludf.DUMMYFUNCTION("""COMPUTED_VALUE"""),6.0) -> 6 | O59: =IFERROR(__xludf.DUMMYFUNCTION("""COMPUTED_VALUE"""),3.0) -> 3 | P59: =IFERROR(__xludf.DUMMYFUNCTION("""COMPUTED_VALUE"""),TRUE) -> TRUE | Q59: =IFERROR(__xludf.DUMMYFUNCTION("""COMPUTED_VALUE"""),FALSE) -> FALSE | S59: gamma-Hydroxybutyric acid | T59: {=XLOOKUP(S59, MAPK8IP3, B3:B1000, XLOOKUP(S59, ZC4H2, H3:H1000, XLOOKUP(S59, SLC6A1, N3:N1000)))} -> 2 | U59: {=XLOOKUP(S59, MAPK8IP3, C3:C1000, XLOOKUP(S59, ZC4H2, I3:I1000, XLOOKUP(S59, SLC6A1, O3:O1000)))} -> 3 | V59: {=XLOOKUP(S59, MAPK8IP3, D3:D1000, XLOOKUP(S59, ZC4H2, J3:J1000, XLOOKUP(S59, SLC6A1, P3:P1000)))} -> FALSE
A60: =IFERROR(__xludf.DUMMYFUNCTION("""COMPUTED_VALUE"""),"Anakinra") -> Anakinra | B60: =IFERROR(__xludf.DUMMYFUNCTION("""COMPUTED_VALUE"""),2.0) -> 2 | C60: =IFERROR(__xludf.DUMMYFUNCTION("""COMPUTED_VALUE"""),3.0) -> 3 | D60: =IFERROR(__xludf.DUMMYFUNCTION("""COMPUTED_VALUE"""),FALSE) -> FALSE | E60: =IFERROR(__xludf.DUMMYFUNCTION("""COMPUTED_VALUE"""),FALSE) -> FALSE | G60: =IFERROR(__xludf.DUMMYFUNCTION("""COMPUTED_VALUE"""),"Ethosuximide") -> Ethosuximide | H60: =IFERROR(__xludf.DUMMYFUNCTION("""COMPUTED_VALUE"""),2.0) -> 2 | I60: =IFERROR(__xludf.DUMMYFUNCTION("""COMPUTED_VALUE"""),3.0) -> 3 | J60: =IFERROR(__xludf.DUMMYFUNCTION("""COMPUTED_VALUE"""),FALSE) -> FALSE | K60: =IFERROR(__xludf.DUMMYFUNCTION("""COMPUTED_VALUE"""),FALSE) -> FALSE | M60: =IFERROR(__xludf.DUMMYFUNCTION("""COMPUTED_VALUE"""),"Methsuximide") -> Methsuximide | N60: =IFERROR(__xludf.DUMMYFUNCTION("""COMPUTED_VALUE"""),1.0) -> 1 | O60: =IFERROR(__xludf.DUMMYFUNCTION("""COMPUTED_VALUE"""),3.0) -> 3 | P60: =IFERROR(__xludf.DUMMYFUNCTION("""COMPUTED_VALUE"""),FALSE) -> FALSE | Q60: =IFERROR(__xludf.DUMMYFUNCTION("""COMPUTED_VALUE"""),FALSE) -> FALSE | S60: Gemfibrozil | T60: {=XLOOKUP(S60, MAPK8IP3, B3:B1000, XLOOKUP(S60, ZC4H2, H3:H1000, XLOOKUP(S60, SLC6A1, N3:N1000)))} -> 5 | U60: {=XLOOKUP(S60, MAPK8IP3, C3:C1000, XLOOKUP(S60, ZC4H2, I3:I1000, XLOOKUP(S60, SLC6A1, O3:O1000)))} -> 3 | V60: {=XLOOKUP(S60, MAPK8IP3, D3:D1000, XLOOKUP(S60, ZC4H2, J3:J1000, XLOOKUP(S60, SLC6A1, P3:P1000)))} -> FALSE
A61: =IFERROR(__xludf.DUMMYFUNCTION("""COMPUTED_VALUE"""),"Bepotastine") -> Bepotastine | B61: =IFERROR(__xludf.DUMMYFUNCTION("""COMPUTED_VALUE"""),2.0) -> 2 | C61: =IFERROR(__xludf.DUMMYFUNCTION("""COMPUTED_VALUE"""),3.0) -> 3 | D61: =IFERROR(__xludf.DUMMYFUNCTION("""COMPUTED_VALUE"""),FALSE) -> FALSE | E61: =IFERROR(__xludf.DUMMYFUNCTION("""COMPUTED_VALUE"""),FALSE) -> FALSE | G61: =IFERROR(__xludf.DUMMYFUNCTION("""COMPUTED_VALUE"""),"Flunarizine") -> Flunarizine | H61: =IFERROR(__xludf.DUMMYFUNCTION("""COMPUTED_VALUE"""),2.0) -> 2 | I61: =IFERROR(__xludf.DUMMYFUNCTION("""COMPUTED_VALUE"""),3.0) -> 3 | J61: =IFERROR(__xludf.DUMMYFUNCTION("""COMPUTED_VALUE"""),FALSE) -> FALSE | K61: =IFERROR(__xludf.DUMMYFUNCTION("""COMPUTED_VALUE"""),FALSE) -> FALSE | M61: =IFERROR(__xludf.DUMMYFUNCTION("""COMPUTED_VALUE"""),"Methylprednisolone") -> Methylprednisolone | N61: =IFERROR(__xludf.DUMMYFUNCTION("""COMPUTED_VALUE"""),4.0) -> 4 | O61: =IFERROR(__xludf.DUMMYFUNCTION("""COMPUTED_VALUE"""),3.0) -> 3 | P61: =IFERROR(__xludf.DUMMYFUNCTION("""COMPUTED_VALUE"""),FALSE) -> FALSE | Q61: =IFERROR(__xludf.DUMMYFUNCTION("""COMPUTED_VALUE"""),FALSE) -> FALSE | S61: Glutamic acid | T61: {=XLOOKUP(S61, MAPK8IP3, B3:B1000, XLOOKUP(S61, ZC4H2, H3:H1000, XLOOKUP(S61, SLC6A1, N3:N1000)))} -> 6 | U61: {=XLOOKUP(S61, MAPK8IP3, C3:C1000, XLOOKUP(S61, ZC4H2, I3:I1000, XLOOKUP(S61, SLC6A1, O3:O1000)))} -> 3 | V61: {=XLOOKUP(S61, MAPK8IP3, D3:D1000, XLOOKUP(S61, ZC4H2, J3:J1000, XLOOKUP(S61, SLC6A1, P3:P1000)))} -> FALSE
A62: =IFERROR(__xludf.DUMMYFUNCTION("""COMPUTED_VALUE"""),"Bisoprolol") -> Bisoprolol | B62: =IFERROR(__xludf.DUMMYFUNCTION("""COMPUTED_VALUE"""),2.0) -> 2 | C62: =IFERROR(__xludf.DUMMYFUNCTION("""COMPUTED_VALUE"""),3.0) -> 3 | D62: =IFERROR(__xludf.DUMMYFUNCTION("""COMPUTED_VALUE"""),FALSE) -> FALSE | E62: =IFERROR(__xludf.DUMMYFUNCTION("""COMPUTED_VALUE"""),FALSE) -> FALSE | G62: =IFERROR(__xludf.DUMMYFUNCTION("""COMPUTED_VALUE"""),"gamma-Hydroxybutyric acid") -> gamma-Hydroxybutyric acid | H62: =IFERROR(__xludf.DUMMYFUNCTION("""COMPUTED_VALUE"""),2.0) -> 2 | I62: =IFERROR(__xludf.DUMMYFUNCTION("""COMPUTED_VALUE"""),3.0) -> 3 | J62: =IFERROR(__xludf.DUMMYFUNCTION("""COMPUTED_VALUE"""),FALSE) -> FALSE | K62: =IFERROR(__xludf.DUMMYFUNCTION("""COMPUTED_VALUE"""),FALSE) -> FALSE | M62: =IFERROR(__xludf.DUMMYFUNCTION("""COMPUTED_VALUE"""),"Metoprolol") -> Metoprolol | N62: =IFERROR(__xludf.DUMMYFUNCTION("""COMPUTED_VALUE"""),6.0) -> 6 | O62: =IFERROR(__xludf.DUMMYFUNCTION("""COMPUTED_VALUE"""),3.0) -> 3 | P62: =IFERROR(__xludf.DUMMYFUNCTION("""COMPUTED_VALUE"""),FALSE) -> FALSE | Q62: =IFERROR(__xludf.DUMMYFUNCTION("""COMPUTED_VALUE"""),FALSE) -> FALSE | S62: Guaifenesin | T62: {=XLOOKUP(S62, MAPK8IP3, B3:B1000, XLOOKUP(S62, ZC4H2, H3:H1000, XLOOKUP(S62, SLC6A1, N3:N1000)))} -> 4 | U62: {=XLOOKUP(S62, MAPK8IP3, C3:C1000, XLOOKUP(S62, ZC4H2, I3:I1000, XLOOKUP(S62, SLC6A1, O3:O1000)))} -> 3 | V62: {=XLOOKUP(S62, MAPK8IP3, D3:D1000, XLOOKUP(S62, ZC4H2, J3:J1000, XLOOKUP(S62, SLC6A1, P3:P1000)))} -> FALSE
A63: =IFERROR(__xludf.DUMMYFUNCTION("""COMPUTED_VALUE"""),"Cefoperazone") -> Cefoperazone | B63: =IFERROR(__xludf.DUMMYFUNCTION("""COMPUTED_VALUE"""),2.0) -> 2 | C63: =IFERROR(__xludf.DUMMYFUNCTION("""COMPUTED_VALUE"""),2.0) -> 2 | D63: =IFERROR(__xludf.DUMMYFUNCTION("""COMPUTED_VALUE"""),TRUE) -> TRUE | E63: =IFERROR(__xludf.DUMMYFUNCTION("""COMPUTED_VALUE"""),TRUE) -> TRUE | G63: =IFERROR(__xludf.DUMMYFUNCTION("""COMPUTED_VALUE"""),"Human immunoglobulin G") -> Human immunoglobulin G | H63: =IFERROR(__xludf.DUMMYFUNCTION("""COMPUTED_VALUE"""),2.0) -> 2 | I63: =IFERROR(__xludf.DUMMYFUNCTION("""COMPUTED_VALUE"""),3.0) -> 3 | J63: =IFERROR(__xludf.DUMMYFUNCTION("""COMPUTED_VALUE"""),FALSE) -> FALSE | K63: =IFERROR(__xludf.DUMMYFUNCTION("""COMPUTED_VALUE"""),FALSE) -> FALSE | M63: =IFERROR(__xludf.DUMMYFUNCTION("""COMPUTED_VALUE"""),"Metyrapone") -> Metyrapone | N63: =IFERROR(__xludf.DUMMYFUNCTION("""COMPUTED_VALUE"""),1.0) -> 1 | O63: =IFERROR(__xludf.DUMMYFUNCTION("""COMPUTED_VALUE"""),3.0) -> 3 | P63: =IFERROR(__xludf.DUMMYFUNCTION("""COMPUTED_VALUE"""),FALSE) -> FALSE | Q63: =IFERROR(__xludf.DUMMYFUNCTION("""COMPUTED_VALUE"""),FALSE) -> FALSE | S63: Guanabenz | T63: {=XLOOKUP(S63, MAPK8IP3, B3:B1000, XLOOKUP(S63, ZC4H2, H3:H1000, XLOOKUP(S63, SLC6A1, N3:N1000)))} -> 1 | U63: {=XLOOKUP(S63, MAPK8IP3, C3:C1000, XLOOKUP(S63, ZC4H2, I3:I1000, XLOOKUP(S63, SLC6A1, O3:O1000)))} -> 3 | V63: {=XLOOKUP(S63, MAPK8IP3, D3:D1000, XLOOKUP(S63, ZC4H2, J3:J1000, XLOOKUP(S63, SLC6A1, P3:P1000)))} -> FALSE
A64: =IFERROR(__xludf.DUMMYFUNCTION("""COMPUTED_VALUE"""),"Dexmedetomidine") -> Dexmedetomidine | B64: =IFERROR(__xludf.DUMMYFUNCTION("""COMPUTED_VALUE"""),2.0) -> 2 | C64: =IFERROR(__xludf.DUMMYFUNCTION("""COMPUTED_VALUE"""),3.0) -> 3 | D64: =IFERROR(__xludf.DUMMYFUNCTION("""COMPUTED_VALUE"""),FALSE) -> FALSE | E64: =IFERROR(__xludf.DUMMYFUNCTION("""COMPUTED_VALUE"""),FALSE) -> FALSE | G64: =IFERROR(__xludf.DUMMYFUNCTION("""COMPUTED_VALUE"""),"Primidone") -> Primidone | H64: =IFERROR(__xludf.DUMMYFUNCTION("""COMPUTED_VALUE"""),2.0) -> 2 | I64: =IFERROR(__xludf.DUMMYFUNCTION("""COMPUTED_VALUE"""),3.0) -> 3 | J64: =IFERROR(__xludf.DUMMYFUNCTION("""COMPUTED_VALUE"""),FALSE) -> FALSE | K64: =IFERROR(__xludf.DUMMYFUNCTION("""COMPUTED_VALUE"""),FALSE) -> FALSE | M64: =IFERROR(__xludf.DUMMYFUNCTION("""COMPUTED_VALUE"""),"Midodrine") -> Midodrine | N64: =IFERROR(__xludf.DUMMYFUNCTION("""COMPUTED_VALUE"""),5.0) -> 5 | O64: =IFERROR(__xludf.DUMMYFUNCTION("""COMPUTED_VALUE"""),3.0) -> 3 | P64: =IFERROR(__xludf.DUMMYFUNCTION("""COMPUTED_VALUE"""),FALSE) -> FALSE | Q64: =IFERROR(__xludf.DUMMYFUNCTION("""COMPUTED_VALUE"""),FALSE) -> FALSE | S64: Guanfacine | T64: {=XLOOKUP(S64, MAPK8IP3, B3:B1000, XLOOKUP(S64, ZC4H2, H3:H1000, XLOOKUP(S64, SLC6A1, N3:N1000)))} -> 4 | U64: {=XLOOKUP(S64, MAPK8IP3, C3:C1000, XLOOKUP(S64, ZC4H2, I3:I1000, XLOOKUP(S64, SLC6A1, O3:O1000)))} -> 3 | V64: {=XLOOKUP(S64, MAPK8IP3, D3:D1000, XLOOKUP(S64, ZC4H2, J3:J1000, XLOOKUP(S64, SLC6A1, P3:P1000)))} -> TRUE
A65: =IFERROR(__xludf.DUMMYFUNCTION("""COMPUTED_VALUE"""),"Eplerenone") -> Eplerenone | B65: =IFERROR(__xludf.DUMMYFUNCTION("""COMPUTED_VALUE"""),2.0) -> 2 | C65: =IFERROR(__xludf.DUMMYFUNCTION("""COMPUTED_VALUE"""),3.0) -> 3 | D65: =IFERROR(__xludf.DUMMYFUNCTION("""COMPUTED_VALUE"""),FALSE) -> FALSE | E65: =IFERROR(__xludf.DUMMYFUNCTION("""COMPUTED_VALUE"""),FALSE) -> FALSE | G65: =IFERROR(__xludf.DUMMYFUNCTION("""COMPUTED_VALUE"""),"Progesterone") -> Progesterone | H65: =IFERROR(__xludf.DUMMYFUNCTION("""COMPUTED_VALUE"""),2.0) -> 2 | I65: =IFERROR(__xludf.DUMMYFUNCTION("""COMPUTED_VALUE"""),3.0) -> 3 | J65: =IFERROR(__xludf.DUMMYFUNCTION("""COMPUTED_VALUE"""),FALSE) -> FALSE | K65: =IFERROR(__xludf.DUMMYFUNCTION("""COMPUTED_VALUE"""),FALSE) -> FALSE | M65: =IFERROR(__xludf.DUMMYFUNCTION("""COMPUTED_VALUE"""),"Moclobemide") -> Moclobemide | N65: =IFERROR(__xludf.DUMMYFUNCTION("""COMPUTED_VALUE"""),1.0) -> 1 | O65: =IFERROR(__xludf.DUMMYFUNCTION("""COMPUTED_VALUE"""),3.0) -> 3 | P65: =IFERROR(__xludf.DUMMYFUNCTION("""COMPUTED_VALUE"""),FALSE) -> FALSE | Q65: =IFERROR(__xludf.DUMMYFUNCTION("""COMPUTED_VALUE"""),FALSE) -> FALSE | S65: Human immunoglobulin G | T65: {=XLOOKUP(S65, MAPK8IP3, B3:B1000, XLOOKUP(S65, ZC4H2, H3:H1000, XLOOKUP(S65, SLC6A1, N3:N1000)))} -> 2 | U65: {=XLOOKUP(S65, MAPK8IP3, C3:C1000, XLOOKUP(S65, ZC4H2, I3:I1000, XLOOKUP(S65, SLC6A1, O3:O1000)))} -> 3 | V65: {=XLOOKUP(S65, MAPK8IP3, D3:D1000, XLOOKUP(S65, ZC4H2, J3:J1000, XLOOKUP(S65, SLC6A1, P3:P1000)))} -> FALSE
A66: =IFERROR(__xludf.DUMMYFUNCTION("""COMPUTED_VALUE"""),"Ethosuximide") -> Ethosuximide | B66: =IFERROR(__xludf.DUMMYFUNCTION("""COMPUTED_VALUE"""),2.0) -> 2 | C66: =IFERROR(__xludf.DUMMYFUNCTION("""COMPUTED_VALUE"""),3.0) -> 3 | D66: =IFERROR(__xludf.DUMMYFUNCTION("""COMPUTED_VALUE"""),FALSE) -> FALSE | E66: =IFERROR(__xludf.DUMMYFUNCTION("""COMPUTED_VALUE"""),FALSE) -> FALSE | G66: =IFERROR(__xludf.DUMMYFUNCTION("""COMPUTED_VALUE"""),"Pyridostigmine") -> Pyridostigmine | H66: =IFERROR(__xludf.DUMMYFUNCTION("""COMPUTED_VALUE"""),2.0) -> 2 | I66: =IFERROR(__xludf.DUMMYFUNCTION("""COMPUTED_VALUE"""),3.0) -> 3 | J66: =IFERROR(__xludf.DUMMYFUNCTION("""COMPUTED_VALUE"""),FALSE) -> FALSE | K66: =IFERROR(__xludf.DUMMYFUNCTION("""COMPUTED_VALUE"""),FALSE) -> FALSE | M66: =IFERROR(__xludf.DUMMYFUNCTION("""COMPUTED_VALUE"""),"Nadolol") -> Nadolol | N66: =IFERROR(__xludf.DUMMYFUNCTION("""COMPUTED_VALUE"""),3.0) -> 3 | O66: =IFERROR(__xludf.DUMMYFUNCTION("""COMPUTED_VALUE"""),3.0) -> 3 | P66: =IFERROR(__xludf.DUMMYFUNCTION("""COMPUTED_VALUE"""),FALSE) -> FALSE | Q66: =IFERROR(__xludf.DUMMYFUNCTION("""COMPUTED_VALUE"""),FALSE) -> FALSE | S66: Hydromorphone | T66: {=XLOOKUP(S66, MAPK8IP3, B3:B1000, XLOOKUP(S66, ZC4H2, H3:H1000, XLOOKUP(S66, SLC6A1, N3:N1000)))} -> 1 | U66: {=XLOOKUP(S66, MAPK8IP3, C3:C1000, XLOOKUP(S66, ZC4H2, I3:I1000, XLOOKUP(S66, SLC6A1, O3:O1000)))} -> 3 | V66: {=XLOOKUP(S66, MAPK8IP3, D3:D1000, XLOOKUP(S66, ZC4H2, J3:J1000, XLOOKUP(S66, SLC6A1, P3:P1000)))} -> FALSE
A67: =IFERROR(__xludf.DUMMYFUNCTION("""COMPUTED_VALUE"""),"Flunarizine") -> Flunarizine | B67: =IFERROR(__xludf.DUMMYFUNCTION("""COMPUTED_VALUE"""),2.0) -> 2 | C67: =IFERROR(__xludf.DUMMYFUNCTION("""COMPUTED_VALUE"""),3.0) -> 3 | D67: =IFERROR(__xludf.DUMMYFUNCTION("""COMPUTED_VALUE"""),FALSE) -> FALSE | E67: =IFERROR(__xludf.DUMMYFUNCTION("""COMPUTED_VALUE"""),FALSE) -> FALSE | G67: =IFERROR(__xludf.DUMMYFUNCTION("""COMPUTED_VALUE"""),"Rivastigmine") -> Rivastigmine | H67: =IFERROR(__xludf.DUMMYFUNCTION("""COMPUTED_VALUE"""),2.0) -> 2 | I67: =IFERROR(__xludf.DUMMYFUNCTION("""COMPUTED_VALUE"""),3.0) -> 3 | J67: =IFERROR(__xludf.DUMMYFUNCTION("""COMPUTED_VALUE"""),TRUE) -> TRUE | K67: =IFERROR(__xludf.DUMMYFUNCTION("""COMPUTED_VALUE"""),FALSE) -> FALSE | M67: =IFERROR(__xludf.DUMMYFUNCTION("""COMPUTED_VALUE"""),"Nalbuphine") -> Nalbuphine | N67: =IFERROR(__xludf.DUMMYFUNCTION("""COMPUTED_VALUE"""),0.0) -> 0 | O67: =IFERROR(__xludf.DUMMYFUNCTION("""COMPUTED_VALUE"""),3.0) -> 3 | P67: =IFERROR(__xludf.DUMMYFUNCTION("""COMPUTED_VALUE"""),FALSE) -> FALSE | Q67: =IFERROR(__xludf.DUMMYFUNCTION("""COMPUTED_VALUE"""),FALSE) -> FALSE | S67: Hydroxychloroquine | T67: {=XLOOKUP(S67, MAPK8IP3, B3:B1000, XLOOKUP(S67, ZC4H2, H3:H1000, XLOOKUP(S67, SLC6A1, N3:N1000)))} -> 2 | U67: {=XLOOKUP(S67, MAPK8IP3, C3:C1000, XLOOKUP(S67, ZC4H2, I3:I1000, XLOOKUP(S67, SLC6A1, O3:O1000)))} -> 2 | V67: {=XLOOKUP(S67, MAPK8IP3, D3:D1000, XLOOKUP(S67, ZC4H2, J3:J1000, XLOOKUP(S67, SLC6A1, P3:P1000)))} -> TRUE
A68: =IFERROR(__xludf.DUMMYFUNCTION("""COMPUTED_VALUE"""),"gamma-Hydroxybutyric acid") -> gamma-Hydroxybutyric acid | B68: =IFERROR(__xludf.DUMMYFUNCTION("""COMPUTED_VALUE"""),2.0) -> 2 | C68: =IFERROR(__xludf.DUMMYFUNCTION("""COMPUTED_VALUE"""),3.0) -> 3 | D68: =IFERROR(__xludf.DUMMYFUNCTION("""COMPUTED_VALUE"""),FALSE) -> FALSE | E68: =IFERROR(__xludf.DUMMYFUNCTION("""COMPUTED_VALUE"""),FALSE) -> FALSE | G68: =IFERROR(__xludf.DUMMYFUNCTION("""COMPUTED_VALUE"""),"Terbinafine") -> Terbinafine | H68: =IFERROR(__xludf.DUMMYFUNCTION("""COMPUTED_VALUE"""),2.0) -> 2 | I68: =IFERROR(__xludf.DUMMYFUNCTION("""COMPUTED_VALUE"""),3.0) -> 3 | J68: =IFERROR(__xludf.DUMMYFUNCTION("""COMPUTED_VALUE"""),FALSE) -> FALSE | K68: =IFERROR(__xludf.DUMMYFUNCTION("""COMPUTED_VALUE"""),FALSE) -> FALSE | M68: =IFERROR(__xludf.DUMMYFUNCTION("""COMPUTED_VALUE"""),"Naloxone") -> Naloxone | N68: =IFERROR(__xludf.DUMMYFUNCTION("""COMPUTED_VALUE"""),3.0) -> 3 | O68: =IFERROR(__xludf.DUMMYFUNCTION("""COMPUTED_VALUE"""),3.0) -> 3 | P68: =IFERROR(__xludf.DUMMYFUNCTION("""COMPUTED_VALUE"""),FALSE) -> FALSE | Q68: =IFERROR(__xludf.DUMMYFUNCTION("""COMPUTED_VALUE"""),FALSE) -> FALSE | S68: Hydroxyurea | T68: {=XLOOKUP(S68, MAPK8IP3, B3:B1000, XLOOKUP(S68, ZC4H2, H3:H1000, XLOOKUP(S68, SLC6A1, N3:N1000)))} -> 3 | U68: {=XLOOKUP(S68, MAPK8IP3, C3:C1000, XLOOKUP(S68, ZC4H2, I3:I1000, XLOOKUP(S68, SLC6A1, O3:O1000)))} -> 3 | V68: {=XLOOKUP(S68, MAPK8IP3, D3:D1000, XLOOKUP(S68, ZC4H2, J3:J1000, XLOOKUP(S68, SLC6A1, P3:P1000)))} -> FALSE
A69: =IFERROR(__xludf.DUMMYFUNCTION("""COMPUTED_VALUE"""),"Human immunoglobulin G") -> Human immunoglobulin G | B69: =IFERROR(__xludf.DUMMYFUNCTION("""COMPUTED_VALUE"""),2.0) -> 2 | C69: =IFERROR(__xludf.DUMMYFUNCTION("""COMPUTED_VALUE"""),3.0) -> 3 | D69: =IFERROR(__xludf.DUMMYFUNCTION("""COMPUTED_VALUE"""),FALSE) -> FALSE | E69: =IFERROR(__xludf.DUMMYFUNCTION("""COMPUTED_VALUE"""),FALSE) -> FALSE | G69: =IFERROR(__xludf.DUMMYFUNCTION("""COMPUTED_VALUE"""),"Tranexamic acid") -> Tranexamic acid | H69: =IFERROR(__xludf.DUMMYFUNCTION("""COMPUTED_VALUE"""),2.0) -> 2 | I69: =IFERROR(__xludf.DUMMYFUNCTION("""COMPUTED_VALUE"""),3.0) -> 3 | J69: =IFERROR(__xludf.DUMMYFUNCTION("""COMPUTED_VALUE"""),FALSE) -> FALSE | K69: =IFERROR(__xludf.DUMMYFUNCTION("""COMPUTED_VALUE"""),FALSE) -> FALSE | M69: =IFERROR(__xludf.DUMMYFUNCTION("""COMPUTED_VALUE"""),"Natalizumab") -> Natalizumab | N69: =IFERROR(__xludf.DUMMYFUNCTION("""COMPUTED_VALUE"""),0.0) -> 0 | O69: =IFERROR(__xludf.DUMMYFUNCTION("""COMPUTED_VALUE"""),3.0) -> 3 | P69: =IFERROR(__xludf.DUMMYFUNCTION("""COMPUTED_VALUE"""),FALSE) -> FALSE | Q69: =IFERROR(__xludf.DUMMYFUNCTION("""COMPUTED_VALUE"""),FALSE) -> FALSE | S69: Hydroxyzine | T69: {=XLOOKUP(S69, MAPK8IP3, B3:B1000, XLOOKUP(S69, ZC4H2, H3:H1000, XLOOKUP(S69, SLC6A1, N3:N1000)))} -> 6 | U69: {=XLOOKUP(S69, MAPK8IP3, C3:C1000, XLOOKUP(S69, ZC4H2, I3:I1000, XLOOKUP(S69, SLC6A1, O3:O1000)))} -> 3 | V69: {=XLOOKUP(S69, MAPK8IP3, D3:D1000, XLOOKUP(S69, ZC4H2, J3:J1000, XLOOKUP(S69, SLC6A1, P3:P1000)))} -> FALSE
A70: =IFERROR(__xludf.DUMMYFUNCTION("""COMPUTED_VALUE"""),"Hydroxychloroquine") -> Hydroxychloroquine | B70: =IFERROR(__xludf.DUMMYFUNCTION("""COMPUTED_VALUE"""),2.0) -> 2 | C70: =IFERROR(__xludf.DUMMYFUNCTION("""COMPUTED_VALUE"""),2.0) -> 2 | D70: =IFERROR(__xludf.DUMMYFUNCTION("""COMPUTED_VALUE"""),TRUE) -> TRUE | E70: =IFERROR(__xludf.DUMMYFUNCTION("""COMPUTED_VALUE"""),TRUE) -> TRUE | G70: =IFERROR(__xludf.DUMMYFUNCTION("""COMPUTED_VALUE"""),"Trihexyphenidyl") -> Trihexyphenidyl | H70: =IFERROR(__xludf.DUMMYFUNCTION("""COMPUTED_VALUE"""),2.0) -> 2 | I70: =IFERROR(__xludf.DUMMYFUNCTION("""COMPUTED_VALUE"""),3.0) -> 3 | J70: =IFERROR(__xludf.DUMMYFUNCTION("""COMPUTED_VALUE"""),FALSE) -> FALSE | K70: =IFERROR(__xludf.DUMMYFUNCTION("""COMPUTED_VALUE"""),FALSE) -> FALSE | M70: =IFERROR(__xludf.DUMMYFUNCTION("""COMPUTED_VALUE"""),"Oseltamivir") -> Oseltamivir | N70: =IFERROR(__xludf.DUMMYFUNCTION("""COMPUTED_VALUE"""),6.0) -> 6 | O70: =IFERROR(__xludf.DUMMYFUNCTION("""COMPUTED_VALUE"""),3.0) -> 3 | P70: =IFERROR(__xludf.DUMMYFUNCTION("""COMPUTED_VALUE"""),FALSE) -> FALSE | Q70: =IFERROR(__xludf.DUMMYFUNCTION("""COMPUTED_VALUE"""),FALSE) -> FALSE | S70: Insulin human | T70: {=XLOOKUP(S70, MAPK8IP3, B3:B1000, XLOOKUP(S70, ZC4H2, H3:H1000, XLOOKUP(S70, SLC6A1, N3:N1000)))} -> 3 | U70: {=XLOOKUP(S70, MAPK8IP3, C3:C1000, XLOOKUP(S70, ZC4H2, I3:I1000, XLOOKUP(S70, SLC6A1, O3:O1000)))} -> 3 | V70: {=XLOOKUP(S70, MAPK8IP3, D3:D1000, XLOOKUP(S70, ZC4H2, J3:J1000, XLOOKUP(S70, SLC6A1, P3:P1000)))} -> FALSE
A71: =IFERROR(__xludf.DUMMYFUNCTION("""COMPUTED_VALUE"""),"Primidone") -> Primidone | B71: =IFERROR(__xludf.DUMMYFUNCTION("""COMPUTED_VALUE"""),2.0) -> 2 | C71: =IFERROR(__xludf.DUMMYFUNCTION("""COMPUTED_VALUE"""),3.0) -> 3 | D71: =IFERROR(__xludf.DUMMYFUNCTION("""COMPUTED_VALUE"""),FALSE) -> FALSE | E71: =IFERROR(__xludf.DUMMYFUNCTION("""COMPUTED_VALUE"""),FALSE) -> FALSE | G71: =IFERROR(__xludf.DUMMYFUNCTION("""COMPUTED_VALUE"""),"Acamprosate") -> Acamprosate | H71: =IFERROR(__xludf.DUMMYFUNCTION("""COMPUTED_VALUE"""),1.0) -> 1 | I71: =IFERROR(__xludf.DUMMYFUNCTION("""COMPUTED_VALUE"""),3.0) -> 3 | J71: =IFERROR(__xludf.DUMMYFUNCTION("""COMPUTED_VALUE"""),FALSE) -> FALSE | K71: =IFERROR(__xludf.DUMMYFUNCTION("""COMPUTED_VALUE"""),FALSE) -> FALSE | M71: =IFERROR(__xludf.DUMMYFUNCTION("""COMPUTED_VALUE"""),"Oxybutynin") -> Oxybutynin | N71: =IFERROR(__xludf.DUMMYFUNCTION("""COMPUTED_VALUE"""),1.0) -> 1 | O71: =IFERROR(__xludf.DUMMYFUNCTION("""COMPUTED_VALUE"""),3.0) -> 3 | P71: =IFERROR(__xludf.DUMMYFUNCTION("""COMPUTED_VALUE"""),FALSE) -> FALSE | Q71: =IFERROR(__xludf.DUMMYFUNCTION("""COMPUTED_VALUE"""),FALSE) -> FALSE | S71: Ketamine | T71: {=XLOOKUP(S71, MAPK8IP3, B3:B1000, XLOOKUP(S71, ZC4H2, H3:H1000, XLOOKUP(S71, SLC6A1, N3:N1000)))} -> 0 | U71: {=XLOOKUP(S71, MAPK8IP3, C3:C1000, XLOOKUP(S71, ZC4H2, I3:I1000, XLOOKUP(S71, SLC6A1, O3:O1000)))} -> 3 | V71: {=XLOOKUP(S71, MAPK8IP3, D3:D1000, XLOOKUP(S71, ZC4H2, J3:J1000, XLOOKUP(S71, SLC6A1, P3:P1000)))} -> FALSE
A72: =IFERROR(__xludf.DUMMYFUNCTION("""COMPUTED_VALUE"""),"Progesterone") -> Progesterone | B72: =IFERROR(__xludf.DUMMYFUNCTION("""COMPUTED_VALUE"""),2.0) -> 2 | C72: =IFERROR(__xludf.DUMMYFUNCTION("""COMPUTED_VALUE"""),3.0) -> 3 | D72: =IFERROR(__xludf.DUMMYFUNCTION("""COMPUTED_VALUE"""),FALSE) -> FALSE | E72: =IFERROR(__xludf.DUMMYFUNCTION("""COMPUTED_VALUE"""),FALSE) -> FALSE | G72: =IFERROR(__xludf.DUMMYFUNCTION("""COMPUTED_VALUE"""),"Arsenic trioxide") -> Arsenic trioxide | H72: =IFERROR(__xludf.DUMMYFUNCTION("""COMPUTED_VALUE"""),1.0) -> 1 | I72: =IFERROR(__xludf.DUMMYFUNCTION("""COMPUTED_VALUE"""),3.0) -> 3 | J72: =IFERROR(__xludf.DUMMYFUNCTION("""COMPUTED_VALUE"""),FALSE) -> FALSE | K72: =IFERROR(__xludf.DUMMYFUNCTION("""COMPUTED_VALUE"""),FALSE) -> FALSE | M72: =IFERROR(__xludf.DUMMYFUNCTION("""COMPUTED_VALUE"""),"Oxymetazoline") -> Oxymetazoline | N72: =IFERROR(__xludf.DUMMYFUNCTION("""COMPUTED_VALUE"""),1.0) -> 1 | O72: =IFERROR(__xludf.DUMMYFUNCTION("""COMPUTED_VALUE"""),3.0) -> 3 | P72: =IFERROR(__xludf.DUMMYFUNCTION("""COMPUTED_VALUE"""),FALSE) -> FALSE | Q72: =IFERROR(__xludf.DUMMYFUNCTION("""COMPUTED_VALUE"""),FALSE) -> FALSE | S72: Latanoprost | T72: {=XLOOKUP(S72, MAPK8IP3, B3:B1000, XLOOKUP(S72, ZC4H2, H3:H1000, XLOOKUP(S72, SLC6A1, N3:N1000)))} -> 0 | U72: {=XLOOKUP(S72, MAPK8IP3, C3:C1000, XLOOKUP(S72, ZC4H2, I3:I1000, XLOOKUP(S72, SLC6A1, O3:O1000)))} -> 3 | V72: {=XLOOKUP(S72, MAPK8IP3, D3:D1000, XLOOKUP(S72, ZC4H2, J3:J1000, XLOOKUP(S72, SLC6A1, P3:P1000)))} -> FALSE
A73: =IFERROR(__xludf.DUMMYFUNCTION("""COMPUTED_VALUE"""),"Pyridostigmine") -> Pyridostigmine | B73: =IFERROR(__xludf.DUMMYFUNCTION("""COMPUTED_VALUE"""),2.0) -> 2 | C73: =IFERROR(__xludf.DUMMYFUNCTION("""COMPUTED_VALUE"""),3.0) -> 3 | D73: =IFERROR(__xludf.DUMMYFUNCTION("""COMPUTED_VALUE"""),FALSE) -> FALSE | E73: =IFERROR(__xludf.DUMMYFUNCTION("""COMPUTED_VALUE"""),FALSE) -> FALSE | G73: =IFERROR(__xludf.DUMMYFUNCTION("""COMPUTED_VALUE"""),"Butorphanol") -> Butorphanol | H73: =IFERROR(__xludf.DUMMYFUNCTION("""COMPUTED_VALUE"""),1.0) -> 1 | I73: =IFERROR(__xludf.DUMMYFUNCTION("""COMPUTED_VALUE"""),3.0) -> 3 | J73: =IFERROR(__xludf.DUMMYFUNCTION("""COMPUTED_VALUE"""),FALSE) -> FALSE | K73: =IFERROR(__xludf.DUMMYFUNCTION("""COMPUTED_VALUE"""),FALSE) -> FALSE | M73: =IFERROR(__xludf.DUMMYFUNCTION("""COMPUTED_VALUE"""),"Paricalcitol") -> Paricalcitol | N73: =IFERROR(__xludf.DUMMYFUNCTION("""COMPUTED_VALUE"""),1.0) -> 1 | O73: =IFERROR(__xludf.DUMMYFUNCTION("""COMPUTED_VALUE"""),3.0) -> 3 | P73: =IFERROR(__xludf.DUMMYFUNCTION("""COMPUTED_VALUE"""),FALSE) -> FALSE | Q73: =IFERROR(__xludf.DUMMYFUNCTION("""COMPUTED_VALUE"""),FALSE) -> FALSE | S73: Levamisole | T73: {=XLOOKUP(S73, MAPK8IP3, B3:B1000, XLOOKUP(S73, ZC4H2, H3:H1000, XLOOKUP(S73, SLC6A1, N3:N1000)))} -> 1 | U73: {=XLOOKUP(S73, MAPK8IP3, C3:C1000, XLOOKUP(S73, ZC4H2, I3:I1000, XLOOKUP(S73, SLC6A1, O3:O1000)))} -> 3 | V73: {=XLOOKUP(S73, MAPK8IP3, D3:D1000, XLOOKUP(S73, ZC4H2, J3:J1000, XLOOKUP(S73, SLC6A1, P3:P1000)))} -> FALSE
A74: =IFERROR(__xludf.DUMMYFUNCTION("""COMPUTED_VALUE"""),"Rivastigmine") -> Rivastigmine | B74: =IFERROR(__xludf.DUMMYFUNCTION("""COMPUTED_VALUE"""),2.0) -> 2 | C74: =IFERROR(__xludf.DUMMYFUNCTION("""COMPUTED_VALUE"""),3.0) -> 3 | D74: =IFERROR(__xludf.DUMMYFUNCTION("""COMPUTED_VALUE"""),TRUE) -> TRUE | E74: =IFERROR(__xludf.DUMMYFUNCTION("""COMPUTED_VALUE"""),TRUE) -> TRUE | G74: =IFERROR(__xludf.DUMMYFUNCTION("""COMPUTED_VALUE"""),"Disopyramide") -> Disopyramide | H74: =IFERROR(__xludf.DUMMYFUNCTION("""COMPUTED_VALUE"""),1.0) -> 1 | I74: =IFERROR(__xludf.DUMMYFUNCTION("""COMPUTED_VALUE"""),3.0) -> 3 | J74: =IFERROR(__xludf.DUMMYFUNCTION("""COMPUTED_VALUE"""),FALSE) -> FALSE | K74: =IFERROR(__xludf.DUMMYFUNCTION("""COMPUTED_VALUE"""),FALSE) -> FALSE | M74: =IFERROR(__xludf.DUMMYFUNCTION("""COMPUTED_VALUE"""),"Pentobarbital") -> Pentobarbital | N74: =IFERROR(__xludf.DUMMYFUNCTION("""COMPUTED_VALUE"""),0.0) -> 0 | O74: =IFERROR(__xludf.DUMMYFUNCTION("""COMPUTED_VALUE"""),3.0) -> 3 | P74: =IFERROR(__xludf.DUMMYFUNCTION("""COMPUTED_VALUE"""),FALSE) -> FALSE | Q74: =IFERROR(__xludf.DUMMYFUNCTION("""COMPUTED_VALUE"""),FALSE) -> FALSE | S74: Levetiracetam | T74: {=XLOOKUP(S74, MAPK8IP3, B3:B1000, XLOOKUP(S74, ZC4H2, H3:H1000, XLOOKUP(S74, SLC6A1, N3:N1000)))} -> 4 | U74: {=XLOOKUP(S74, MAPK8IP3, C3:C1000, XLOOKUP(S74, ZC4H2, I3:I1000, XLOOKUP(S74, SLC6A1, O3:O1000)))} -> 3 | V74: {=XLOOKUP(S74, MAPK8IP3, D3:D1000, XLOOKUP(S74, ZC4H2, J3:J1000, XLOOKUP(S74, SLC6A1, P3:P1000)))} -> FALSE
A75: =IFERROR(__xludf.DUMMYFUNCTION("""COMPUTED_VALUE"""),"Sirolimus") -> Sirolimus | B75: =IFERROR(__xludf.DUMMYFUNCTION("""COMPUTED_VALUE"""),2.0) -> 2 | C75: =IFERROR(__xludf.DUMMYFUNCTION("""COMPUTED_VALUE"""),3.0) -> 3 | D75: =IFERROR(__xludf.DUMMYFUNCTION("""COMPUTED_VALUE"""),TRUE) -> TRUE | E75: =IFERROR(__xludf.DUMMYFUNCTION("""COMPUTED_VALUE"""),TRUE) -> TRUE | G75: =IFERROR(__xludf.DUMMYFUNCTION("""COMPUTED_VALUE"""),"Ethambutol") -> Ethambutol | H75: =IFERROR(__xludf.DUMMYFUNCTION("""COMPUTED_VALUE"""),1.0) -> 1 | I75: =IFERROR(__xludf.DUMMYFUNCTION("""COMPUTED_VALUE"""),3.0) -> 3 | J75: =IFERROR(__xludf.DUMMYFUNCTION("""COMPUTED_VALUE"""),FALSE) -> FALSE | K75: =IFERROR(__xludf.DUMMYFUNCTION("""COMPUTED_VALUE"""),FALSE) -> FALSE | M75: =IFERROR(__xludf.DUMMYFUNCTION("""COMPUTED_VALUE"""),"Perphenazine") -> Perphenazine | N75: =IFERROR(__xludf.DUMMYFUNCTION("""COMPUTED_VALUE"""),0.0) -> 0 | O75: =IFERROR(__xludf.DUMMYFUNCTION("""COMPUTED_VALUE"""),3.0) -> 3 | P75: =IFERROR(__xludf.DUMMYFUNCTION("""COMPUTED_VALUE"""),FALSE) -> FALSE | Q75: =IFERROR(__xludf.DUMMYFUNCTION("""COMPUTED_VALUE"""),FALSE) -> FALSE | S75: Levodopa | T75: {=XLOOKUP(S75, MAPK8IP3, B3:B1000, XLOOKUP(S75, ZC4H2, H3:H1000, XLOOKUP(S75, SLC6A1, N3:N1000)))} -> 5 | U75: {=XLOOKUP(S75, MAPK8IP3, C3:C1000, XLOOKUP(S75, ZC4H2, I3:I1000, XLOOKUP(S75, SLC6A1, O3:O1000)))} -> 3 | V75: {=XLOOKUP(S75, MAPK8IP3, D3:D1000, XLOOKUP(S75, ZC4H2, J3:J1000, XLOOKUP(S75, SLC6A1, P3:P1000)))} -> TRUE
A76: =IFERROR(__xludf.DUMMYFUNCTION("""COMPUTED_VALUE"""),"Terbinafine") -> Terbinafine | B76: =IFERROR(__xludf.DUMMYFUNCTION("""COMPUTED_VALUE"""),2.0) -> 2 | C76: =IFERROR(__xludf.DUMMYFUNCTION("""COMPUTED_VALUE"""),3.0) -> 3 | D76: =IFERROR(__xludf.DUMMYFUNCTION("""COMPUTED_VALUE"""),FALSE) -> FALSE | E76: =IFERROR(__xludf.DUMMYFUNCTION("""COMPUTED_VALUE"""),FALSE) -> FALSE | G76: =IFERROR(__xludf.DUMMYFUNCTION("""COMPUTED_VALUE"""),"Guanabenz") -> Guanabenz | H76: =IFERROR(__xludf.DUMMYFUNCTION("""COMPUTED_VALUE"""),1.0) -> 1 | I76: =IFERROR(__xludf.DUMMYFUNCTION("""COMPUTED_VALUE"""),3.0) -> 3 | J76: =IFERROR(__xludf.DUMMYFUNCTION("""COMPUTED_VALUE"""),FALSE) -> FALSE | K76: =IFERROR(__xludf.DUMMYFUNCTION("""COMPUTED_VALUE"""),FALSE) -> FALSE | M76: =IFERROR(__xludf.DUMMYFUNCTION("""COMPUTED_VALUE"""),"Phentolamine") -> Phentolamine | N76: =IFERROR(__xludf.DUMMYFUNCTION("""COMPUTED_VALUE"""),0.0) -> 0 | O76: =IFERROR(__xludf.DUMMYFUNCTION("""COMPUTED_VALUE"""),3.0) -> 3 | P76: =IFERROR(__xludf.DUMMYFUNCTION("""COMPUTED_VALUE"""),FALSE) -> FALSE | Q76: =IFERROR(__xludf.DUMMYFUNCTION("""COMPUTED_VALUE"""),FALSE) -> FALSE | S76: Lidocaine | T76: {=XLOOKUP(S76, MAPK8IP3, B3:B1000, XLOOKUP(S76, ZC4H2, H3:H1000, XLOOKUP(S76, SLC6A1, N3:N1000)))} -> 5 | U76: {=XLOOKUP(S76, MAPK8IP3, C3:C1000, XLOOKUP(S76, ZC4H2, I3:I1000, XLOOKUP(S76, SLC6A1, O3:O1000)))} -> 3 | V76: {=XLOOKUP(S76, MAPK8IP3, D3:D1000, XLOOKUP(S76, ZC4H2, J3:J1000, XLOOKUP(S76, SLC6A1, P3:P1000)))} -> FALSE
A77: =IFERROR(__xludf.DUMMYFUNCTION("""COMPUTED_VALUE"""),"Tranexamic acid") -> Tranexamic acid | B77: =IFERROR(__xludf.DUMMYFUNCTION("""COMPUTED_VALUE"""),2.0) -> 2 | C77: =IFERROR(__xludf.DUMMYFUNCTION("""COMPUTED_VALUE"""),3.0) -> 3 | D77: =IFERROR(__xludf.DUMMYFUNCTION("""COMPUTED_VALUE"""),FALSE) -> FALSE | E77: =IFERROR(__xludf.DUMMYFUNCTION("""COMPUTED_VALUE"""),FALSE) -> FALSE | G77: =IFERROR(__xludf.DUMMYFUNCTION("""COMPUTED_VALUE"""),"Levamisole") -> Levamisole | H77: =IFERROR(__xludf.DUMMYFUNCTION("""COMPUTED_VALUE"""),1.0) -> 1 | I77: =IFERROR(__xludf.DUMMYFUNCTION("""COMPUTED_VALUE"""),3.0) -> 3 | J77: =IFERROR(__xludf.DUMMYFUNCTION("""COMPUTED_VALUE"""),FALSE) -> FALSE | K77: =IFERROR(__xludf.DUMMYFUNCTION("""COMPUTED_VALUE"""),FALSE) -> FALSE | M77: =IFERROR(__xludf.DUMMYFUNCTION("""COMPUTED_VALUE"""),"Pilocarpine") -> Pilocarpine | N77: =IFERROR(__xludf.DUMMYFUNCTION("""COMPUTED_VALUE"""),0.0) -> 0 | O77: =IFERROR(__xludf.DUMMYFUNCTION("""COMPUTED_VALUE"""),3.0) -> 3 | P77: =IFERROR(__xludf.DUMMYFUNCTION("""COMPUTED_VALUE"""),FALSE) -> FALSE | Q77: =IFERROR(__xludf.DUMMYFUNCTION("""COMPUTED_VALUE"""),FALSE) -> FALSE | S77: Lisdexamfetamine | T77: {=XLOOKUP(S77, MAPK8IP3, B3:B1000, XLOOKUP(S77, ZC4H2, H3:H1000, XLOOKUP(S77, SLC6A1, N3:N1000)))} -> 3 | U77: {=XLOOKUP(S77, MAPK8IP3, C3:C1000, XLOOKUP(S77, ZC4H2, I3:I1000, XLOOKUP(S77, SLC6A1, O3:O1000)))} -> 3 | V77: {=XLOOKUP(S77, MAPK8IP3, D3:D1000, XLOOKUP(S77, ZC4H2, J3:J1000, XLOOKUP(S77, SLC6A1, P3:P1000)))} -> FALSE
A78: =IFERROR(__xludf.DUMMYFUNCTION("""COMPUTED_VALUE"""),"Trihexyphenidyl") -> Trihexyphenidyl | B78: =IFERROR(__xludf.DUMMYFUNCTION("""COMPUTED_VALUE"""),2.0) -> 2 | C78: =IFERROR(__xludf.DUMMYFUNCTION("""COMPUTED_VALUE"""),3.0) -> 3 | D78: =IFERROR(__xludf.DUMMYFUNCTION("""COMPUTED_VALUE"""),FALSE) -> FALSE | E78: =IFERROR(__xludf.DUMMYFUNCTION("""COMPUTED_VALUE"""),FALSE) -> FALSE | G78: =IFERROR(__xludf.DUMMYFUNCTION("""COMPUTED_VALUE"""),"Oxybutynin") -> Oxybutynin | H78: =IFERROR(__xludf.DUMMYFUNCTION("""COMPUTED_VALUE"""),1.0) -> 1 | I78: =IFERROR(__xludf.DUMMYFUNCTION("""COMPUTED_VALUE"""),3.0) -> 3 | J78: =IFERROR(__xludf.DUMMYFUNCTION("""COMPUTED_VALUE"""),FALSE) -> FALSE | K78: =IFERROR(__xludf.DUMMYFUNCTION("""COMPUTED_VALUE"""),FALSE) -> FALSE | M78: =IFERROR(__xludf.DUMMYFUNCTION("""COMPUTED_VALUE"""),"Praziquantel") -> Praziquantel | N78: =IFERROR(__xludf.DUMMYFUNCTION("""COMPUTED_VALUE"""),1.0) -> 1 | O78: =IFERROR(__xludf.DUMMYFUNCTION("""COMPUTED_VALUE"""),3.0) -> 3 | P78: =IFERROR(__xludf.DUMMYFUNCTION("""COMPUTED_VALUE"""),FALSE) -> FALSE | Q78: =IFERROR(__xludf.DUMMYFUNCTION("""COMPUTED_VALUE"""),FALSE) -> FALSE | S78: Loratadine | T78: {=XLOOKUP(S78, MAPK8IP3, B3:B1000, XLOOKUP(S78, ZC4H2, H3:H1000, XLOOKUP(S78, SLC6A1, N3:N1000)))} -> 6 | U78: {=XLOOKUP(S78, MAPK8IP3, C3:C1000, XLOOKUP(S78, ZC4H2, I3:I1000, XLOOKUP(S78, SLC6A1, O3:O1000)))} -> 3 | V78: {=XLOOKUP(S78, MAPK8IP3, D3:D1000, XLOOKUP(S78, ZC4H2, J3:J1000, XLOOKUP(S78, SLC6A1, P3:P1000)))} -> FALSE
A79: =IFERROR(__xludf.DUMMYFUNCTION("""COMPUTED_VALUE"""),"Acamprosate") -> Acamprosate | B79: =IFERROR(__xludf.DUMMYFUNCTION("""COMPUTED_VALUE"""),1.0) -> 1 | C79: =IFERROR(__xludf.DUMMYFUNCTION("""COMPUTED_VALUE"""),3.0) -> 3 | D79: =IFERROR(__xludf.DUMMYFUNCTION("""COMPUTED_VALUE"""),FALSE) -> FALSE | E79: =IFERROR(__xludf.DUMMYFUNCTION("""COMPUTED_VALUE"""),FALSE) -> FALSE | G79: =IFERROR(__xludf.DUMMYFUNCTION("""COMPUTED_VALUE"""),"Oxymetazoline") -> Oxymetazoline | H79: =IFERROR(__xludf.DUMMYFUNCTION("""COMPUTED_VALUE"""),1.0) -> 1 | I79: =IFERROR(__xludf.DUMMYFUNCTION("""COMPUTED_VALUE"""),3.0) -> 3 | J79: =IFERROR(__xludf.DUMMYFUNCTION("""COMPUTED_VALUE"""),FALSE) -> FALSE | K79: =IFERROR(__xludf.DUMMYFUNCTION("""COMPUTED_VALUE"""),FALSE) -> FALSE | M79: =IFERROR(__xludf.DUMMYFUNCTION("""COMPUTED_VALUE"""),"Pregabalin") -> Pregabalin | N79: =IFERROR(__xludf.DUMMYFUNCTION("""COMPUTED_VALUE"""),4.0) -> 4 | O79: =IFERROR(__xludf.DUMMYFUNCTION("""COMPUTED_VALUE"""),3.0) -> 3 | P79: =IFERROR(__xludf.DUMMYFUNCTION("""COMPUTED_VALUE"""),FALSE) -> FALSE | Q79: =IFERROR(__xludf.DUMMYFUNCTION("""COMPUTED_VALUE"""),FALSE) -> FALSE | S79: Lovastatin | T79: {=XLOOKUP(S79, MAPK8IP3, B3:B1000, XLOOKUP(S79, ZC4H2, H3:H1000, XLOOKUP(S79, SLC6A1, N3:N1000)))} -> 6 | U79: {=XLOOKUP(S79, MAPK8IP3, C3:C1000, XLOOKUP(S79, ZC4H2, I3:I1000, XLOOKUP(S79, SLC6A1, O3:O1000)))} -> 3 | V79: {=XLOOKUP(S79, MAPK8IP3, D3:D1000, XLOOKUP(S79, ZC4H2, J3:J1000, XLOOKUP(S79, SLC6A1, P3:P1000)))} -> TRUE
A80: =IFERROR(__xludf.DUMMYFUNCTION("""COMPUTED_VALUE"""),"Apraclonidine") -> Apraclonidine | B80: =IFERROR(__xludf.DUMMYFUNCTION("""COMPUTED_VALUE"""),1.0) -> 1 | C80: =IFERROR(__xludf.DUMMYFUNCTION("""COMPUTED_VALUE"""),3.0) -> 3 | D80: =IFERROR(__xludf.DUMMYFUNCTION("""COMPUTED_VALUE"""),FALSE) -> FALSE | E80: =IFERROR(__xludf.DUMMYFUNCTION("""COMPUTED_VALUE"""),FALSE) -> FALSE | G80: =IFERROR(__xludf.DUMMYFUNCTION("""COMPUTED_VALUE"""),"Paricalcitol") -> Paricalcitol | H80: =IFERROR(__xludf.DUMMYFUNCTION("""COMPUTED_VALUE"""),1.0) -> 1 | I80: =IFERROR(__xludf.DUMMYFUNCTION("""COMPUTED_VALUE"""),3.0) -> 3 | J80: =IFERROR(__xludf.DUMMYFUNCTION("""COMPUTED_VALUE"""),FALSE) -> FALSE | K80: =IFERROR(__xludf.DUMMYFUNCTION("""COMPUTED_VALUE"""),FALSE) -> FALSE | M80: =IFERROR(__xludf.DUMMYFUNCTION("""COMPUTED_VALUE"""),"Prilocaine") -> Prilocaine | N80: =IFERROR(__xludf.DUMMYFUNCTION("""COMPUTED_VALUE"""),0.0) -> 0 | O80: =IFERROR(__xludf.DUMMYFUNCTION("""COMPUTED_VALUE"""),3.0) -> 3 | P80: =IFERROR(__xludf.DUMMYFUNCTION("""COMPUTED_VALUE"""),FALSE) -> FALSE | Q80: =IFERROR(__xludf.DUMMYFUNCTION("""COMPUTED_VALUE"""),FALSE) -> FALSE | S80: Lumateperone | T80: {=XLOOKUP(S80, MAPK8IP3, B3:B1000, XLOOKUP(S80, ZC4H2, H3:H1000, XLOOKUP(S80, SLC6A1, N3:N1000)))} -> 0 | U80: {=XLOOKUP(S80, MAPK8IP3, C3:C1000, XLOOKUP(S80, ZC4H2, I3:I1000, XLOOKUP(S80, SLC6A1, O3:O1000)))} -> 1 | V80: {=XLOOKUP(S80, MAPK8IP3, D3:D1000, XLOOKUP(S80, ZC4H2, J3:J1000, XLOOKUP(S80, SLC6A1, P3:P1000)))} -> TRUE
A81: =IFERROR(__xludf.DUMMYFUNCTION("""COMPUTED_VALUE"""),"Arsenic trioxide") -> Arsenic trioxide | B81: =IFERROR(__xludf.DUMMYFUNCTION("""COMPUTED_VALUE"""),1.0) -> 1 | C81: =IFERROR(__xludf.DUMMYFUNCTION("""COMPUTED_VALUE"""),3.0) -> 3 | D81: =IFERROR(__xludf.DUMMYFUNCTION("""COMPUTED_VALUE"""),FALSE) -> FALSE | E81: =IFERROR(__xludf.DUMMYFUNCTION("""COMPUTED_VALUE"""),FALSE) -> FALSE | G81: =IFERROR(__xludf.DUMMYFUNCTION("""COMPUTED_VALUE"""),"Praziquantel") -> Praziquantel | H81: =IFERROR(__xludf.DUMMYFUNCTION("""COMPUTED_VALUE"""),1.0) -> 1 | I81: =IFERROR(__xludf.DUMMYFUNCTION("""COMPUTED_VALUE"""),3.0) -> 3 | J81: =IFERROR(__xludf.DUMMYFUNCTION("""COMPUTED_VALUE"""),FALSE) -> FALSE | K81: =IFERROR(__xludf.DUMMYFUNCTION("""COMPUTED_VALUE"""),FALSE) -> FALSE | M81: =IFERROR(__xludf.DUMMYFUNCTION("""COMPUTED_VALUE"""),"Primidone") -> Primidone | N81: =IFERROR(__xludf.DUMMYFUNCTION("""COMPUTED_VALUE"""),2.0) -> 2 | O81: =IFERROR(__xludf.DUMMYFUNCTION("""COMPUTED_VALUE"""),3.0) -> 3 | P81: =IFERROR(__xludf.DUMMYFUNCTION("""COMPUTED_VALUE"""),FALSE) -> FALSE | Q81: =IFERROR(__xludf.DUMMYFUNCTION("""COMPUTED_VALUE"""),FALSE) -> FALSE | S81: Memantine | T81: {=XLOOKUP(S81, MAPK8IP3, B3:B1000, XLOOKUP(S81, ZC4H2, H3:H1000, XLOOKUP(S81, SLC6A1, N3:N1000)))} -> 4 | U81: {=XLOOKUP(S81, MAPK8IP3, C3:C1000, XLOOKUP(S81, ZC4H2, I3:I1000, XLOOKUP(S81, SLC6A1, O3:O1000)))} -> 3 | V81: {=XLOOKUP(S81, MAPK8IP3, D3:D1000, XLOOKUP(S81, ZC4H2, J3:J1000, XLOOKUP(S81, SLC6A1, P3:P1000)))} -> FALSE
A82: =IFERROR(__xludf.DUMMYFUNCTION("""COMPUTED_VALUE"""),"Butorphanol") -> Butorphanol | B82: =IFERROR(__xludf.DUMMYFUNCTION("""COMPUTED_VALUE"""),1.0) -> 1 | C82: =IFERROR(__xludf.DUMMYFUNCTION("""COMPUTED_VALUE"""),3.0) -> 3 | D82: =IFERROR(__xludf.DUMMYFUNCTION("""COMPUTED_VALUE"""),FALSE) -> FALSE | E82: =IFERROR(__xludf.DUMMYFUNCTION("""COMPUTED_VALUE"""),FALSE) -> FALSE | G82: =IFERROR(__xludf.DUMMYFUNCTION("""COMPUTED_VALUE"""),"Timolol") -> Timolol | H82: =IFERROR(__xludf.DUMMYFUNCTION("""COMPUTED_VALUE"""),1.0) -> 1 | I82: =IFERROR(__xludf.DUMMYFUNCTION("""COMPUTED_VALUE"""),3.0) -> 3 | J82: =IFERROR(__xludf.DUMMYFUNCTION("""COMPUTED_VALUE"""),FALSE) -> FALSE | K82: =IFERROR(__xludf.DUMMYFUNCTION("""COMPUTED_VALUE"""),FALSE) -> FALSE | M82: =IFERROR(__xludf.DUMMYFUNCTION("""COMPUTED_VALUE"""),"Procaine") -> Procaine | N82: =IFERROR(__xludf.DUMMYFUNCTION("""COMPUTED_VALUE"""),0.0) -> 0 | O82: =IFERROR(__xludf.DUMMYFUNCTION("""COMPUTED_VALUE"""),3.0) -> 3 | P82: =IFERROR(__xludf.DUMMYFUNCTION("""COMPUTED_VALUE"""),FALSE) -> FALSE | Q82: =IFERROR(__xludf.DUMMYFUNCTION("""COMPUTED_VALUE"""),FALSE) -> FALSE | S82: Meperidine | T82: {=XLOOKUP(S82, MAPK8IP3, B3:B1000, XLOOKUP(S82, ZC4H2, H3:H1000, XLOOKUP(S82, SLC6A1, N3:N1000)))} -> 0 | U82: {=XLOOKUP(S82, MAPK8IP3, C3:C1000, XLOOKUP(S82, ZC4H2, I3:I1000, XLOOKUP(S82, SLC6A1, O3:O1000)))} -> 3 | V82: {=XLOOKUP(S82, MAPK8IP3, D3:D1000, XLOOKUP(S82, ZC4H2, J3:J1000, XLOOKUP(S82, SLC6A1, P3:P1000)))} -> FALSE
A83: =IFERROR(__xludf.DUMMYFUNCTION("""COMPUTED_VALUE"""),"Cilostazol") -> Cilostazol | B83: =IFERROR(__xludf.DUMMYFUNCTION("""COMPUTED_VALUE"""),1.0) -> 1 | C83: =IFERROR(__xludf.DUMMYFUNCTION("""COMPUTED_VALUE"""),3.0) -> 3 | D83: =IFERROR(__xludf.DUMMYFUNCTION("""COMPUTED_VALUE"""),FALSE) -> FALSE | E83: =IFERROR(__xludf.DUMMYFUNCTION("""COMPUTED_VALUE"""),FALSE) -> FALSE | G83: =IFERROR(__xludf.DUMMYFUNCTION("""COMPUTED_VALUE"""),"Tramadol") -> Tramadol | H83: =IFERROR(__xludf.DUMMYFUNCTION("""COMPUTED_VALUE"""),1.0) -> 1 | I83: =IFERROR(__xludf.DUMMYFUNCTION("""COMPUTED_VALUE"""),3.0) -> 3 | J83: =IFERROR(__xludf.DUMMYFUNCTION("""COMPUTED_VALUE"""),FALSE) -> FALSE | K83: =IFERROR(__xludf.DUMMYFUNCTION("""COMPUTED_VALUE"""),FALSE) -> FALSE | M83: =IFERROR(__xludf.DUMMYFUNCTION("""COMPUTED_VALUE"""),"Progesterone") -> Progesterone | N83: =IFERROR(__xludf.DUMMYFUNCTION("""COMPUTED_VALUE"""),2.0) -> 2 | O83: =IFERROR(__xludf.DUMMYFUNCTION("""COMPUTED_VALUE"""),3.0) -> 3 | P83: =IFERROR(__xludf.DUMMYFUNCTION("""COMPUTED_VALUE"""),FALSE) -> FALSE | Q83: =IFERROR(__xludf.DUMMYFUNCTION("""COMPUTED_VALUE"""),FALSE) -> FALSE | S83: Mepivacaine | T83: {=XLOOKUP(S83, MAPK8IP3, B3:B1000, XLOOKUP(S83, ZC4H2, H3:H1000, XLOOKUP(S83, SLC6A1, N3:N1000)))} -> 0 | U83: {=XLOOKUP(S83, MAPK8IP3, C3:C1000, XLOOKUP(S83, ZC4H2, I3:I1000, XLOOKUP(S83, SLC6A1, O3:O1000)))} -> 3 | V83: {=XLOOKUP(S83, MAPK8IP3, D3:D1000, XLOOKUP(S83, ZC4H2, J3:J1000, XLOOKUP(S83, SLC6A1, P3:P1000)))} -> FALSE
A84: =IFERROR(__xludf.DUMMYFUNCTION("""COMPUTED_VALUE"""),"Ethambutol") -> Ethambutol | B84: =IFERROR(__xludf.DUMMYFUNCTION("""COMPUTED_VALUE"""),1.0) -> 1 | C84: =IFERROR(__xludf.DUMMYFUNCTION("""COMPUTED_VALUE"""),3.0) -> 3 | D84: =IFERROR(__xludf.DUMMYFUNCTION("""COMPUTED_VALUE"""),FALSE) -> FALSE | E84: =IFERROR(__xludf.DUMMYFUNCTION("""COMPUTED_VALUE"""),FALSE) -> FALSE | G84: =IFERROR(__xludf.DUMMYFUNCTION("""COMPUTED_VALUE"""),"Tropicamide") -> Tropicamide | H84: =IFERROR(__xludf.DUMMYFUNCTION("""COMPUTED_VALUE"""),1.0) -> 1 | I84: =IFERROR(__xludf.DUMMYFUNCTION("""COMPUTED_VALUE"""),3.0) -> 3 | J84: =IFERROR(__xludf.DUMMYFUNCTION("""COMPUTED_VALUE"""),FALSE) -> FALSE | K84: =IFERROR(__xludf.DUMMYFUNCTION("""COMPUTED_VALUE"""),FALSE) -> FALSE | M84: =IFERROR(__xludf.DUMMYFUNCTION("""COMPUTED_VALUE"""),"Propofol") -> Propofol | N84: =IFERROR(__xludf.DUMMYFUNCTION("""COMPUTED_VALUE"""),0.0) -> 0 | O84: =IFERROR(__xludf.DUMMYFUNCTION("""COMPUTED_VALUE"""),3.0) -> 3 | P84: =IFERROR(__xludf.DUMMYFUNCTION("""COMPUTED_VALUE"""),FALSE) -> FALSE | Q84: =IFERROR(__xludf.DUMMYFUNCTION("""COMPUTED_VALUE"""),FALSE) -> FALSE | S84: Metformin | T84: {=XLOOKUP(S84, MAPK8IP3, B3:B1000, XLOOKUP(S84, ZC4H2, H3:H1000, XLOOKUP(S84, SLC6A1, N3:N1000)))} -> 6 | U84: {=XLOOKUP(S84, MAPK8IP3, C3:C1000, XLOOKUP(S84, ZC4H2, I3:I1000, XLOOKUP(S84, SLC6A1, O3:O1000)))} -> 3 | V84: {=XLOOKUP(S84, MAPK8IP3, D3:D1000, XLOOKUP(S84, ZC4H2, J3:J1000, XLOOKUP(S84, SLC6A1, P3:P1000)))} -> TRUE
A85: =IFERROR(__xludf.DUMMYFUNCTION("""COMPUTED_VALUE"""),"Everolimus") -> Everolimus | B85: =IFERROR(__xludf.DUMMYFUNCTION("""COMPUTED_VALUE"""),1.0) -> 1 | C85: =IFERROR(__xludf.DUMMYFUNCTION("""COMPUTED_VALUE"""),3.0) -> 3 | D85: =IFERROR(__xludf.DUMMYFUNCTION("""COMPUTED_VALUE"""),TRUE) -> TRUE | E85: =IFERROR(__xludf.DUMMYFUNCTION("""COMPUTED_VALUE"""),TRUE) -> TRUE | G85: =IFERROR(__xludf.DUMMYFUNCTION("""COMPUTED_VALUE"""),"Alfentanil") -> Alfentanil | H85: =IFERROR(__xludf.DUMMYFUNCTION("""COMPUTED_VALUE"""),0.0) -> 0 | I85: =IFERROR(__xludf.DUMMYFUNCTION("""COMPUTED_VALUE"""),3.0) -> 3 | J85: =IFERROR(__xludf.DUMMYFUNCTION("""COMPUTED_VALUE"""),FALSE) -> FALSE | K85: =IFERROR(__xludf.DUMMYFUNCTION("""COMPUTED_VALUE"""),FALSE) -> FALSE | M85: =IFERROR(__xludf.DUMMYFUNCTION("""COMPUTED_VALUE"""),"Propranolol") -> Propranolol | N85: =IFERROR(__xludf.DUMMYFUNCTION("""COMPUTED_VALUE"""),6.0) -> 6 | O85: =IFERROR(__xludf.DUMMYFUNCTION("""COMPUTED_VALUE"""),3.0) -> 3 | P85: =IFERROR(__xludf.DUMMYFUNCTION("""COMPUTED_VALUE"""),FALSE) -> FALSE | Q85: =IFERROR(__xludf.DUMMYFUNCTION("""COMPUTED_VALUE"""),FALSE) -> FALSE | S85: Methsuximide | T85: {=XLOOKUP(S85, MAPK8IP3, B3:B1000, XLOOKUP(S85, ZC4H2, H3:H1000, XLOOKUP(S85, SLC6A1, N3:N1000)))} -> 1 | U85: {=XLOOKUP(S85, MAPK8IP3, C3:C1000, XLOOKUP(S85, ZC4H2, I3:I1000, XLOOKUP(S85, SLC6A1, O3:O1000)))} -> 3 | V85: {=XLOOKUP(S85, MAPK8IP3, D3:D1000, XLOOKUP(S85, ZC4H2, J3:J1000, XLOOKUP(S85, SLC6A1, P3:P1000)))} -> FALSE
A86: =IFERROR(__xludf.DUMMYFUNCTION("""COMPUTED_VALUE"""),"Felbamate") -> Felbamate | B86: =IFERROR(__xludf.DUMMYFUNCTION("""COMPUTED_VALUE"""),1.0) -> 1 | C86: =IFERROR(__xludf.DUMMYFUNCTION("""COMPUTED_VALUE"""),3.0) -> 3 | D86: =IFERROR(__xludf.DUMMYFUNCTION("""COMPUTED_VALUE"""),FALSE) -> FALSE | E86: =IFERROR(__xludf.DUMMYFUNCTION("""COMPUTED_VALUE"""),FALSE) -> FALSE | G86: =IFERROR(__xludf.DUMMYFUNCTION("""COMPUTED_VALUE"""),"Anidulafungin") -> Anidulafungin | H86: =IFERROR(__xludf.DUMMYFUNCTION("""COMPUTED_VALUE"""),0.0) -> 0 | I86: =IFERROR(__xludf.DUMMYFUNCTION("""COMPUTED_VALUE"""),3.0) -> 3 | J86: =IFERROR(__xludf.DUMMYFUNCTION("""COMPUTED_VALUE"""),FALSE) -> FALSE | K86: =IFERROR(__xludf.DUMMYFUNCTION("""COMPUTED_VALUE"""),FALSE) -> FALSE | M86: =IFERROR(__xludf.DUMMYFUNCTION("""COMPUTED_VALUE"""),"Pseudoephedrine") -> Pseudoephedrine | N86: =IFERROR(__xludf.DUMMYFUNCTION("""COMPUTED_VALUE"""),3.0) -> 3 | O86: =IFERROR(__xludf.DUMMYFUNCTION("""COMPUTED_VALUE"""),3.0) -> 3 | P86: =IFERROR(__xludf.DUMMYFUNCTION("""COMPUTED_VALUE"""),FALSE) -> FALSE | Q86: =IFERROR(__xludf.DUMMYFUNCTION("""COMPUTED_VALUE"""),FALSE) -> FALSE | S86: Methylprednisolone | T86: {=XLOOKUP(S86, MAPK8IP3, B3:B1000, XLOOKUP(S86, ZC4H2, H3:H1000, XLOOKUP(S86, SLC6A1, N3:N1000)))} -> 4 | U86: {=XLOOKUP(S86, MAPK8IP3, C3:C1000, XLOOKUP(S86, ZC4H2, I3:I1000, XLOOKUP(S86, SLC6A1, O3:O1000)))} -> 3 | V86: {=XLOOKUP(S86, MAPK8IP3, D3:D1000, XLOOKUP(S86, ZC4H2, J3:J1000, XLOOKUP(S86, SLC6A1, P3:P1000)))} -> FALSE
A87: =IFERROR(__xludf.DUMMYFUNCTION("""COMPUTED_VALUE"""),"Fusidic acid") -> Fusidic acid | B87: =IFERROR(__xludf.DUMMYFUNCTION("""COMPUTED_VALUE"""),1.0) -> 1 | C87: =IFERROR(__xludf.DUMMYFUNCTION("""COMPUTED_VALUE"""),3.0) -> 3 | D87: =IFERROR(__xludf.DUMMYFUNCTION("""COMPUTED_VALUE"""),FALSE) -> FALSE | E87: =IFERROR(__xludf.DUMMYFUNCTION("""COMPUTED_VALUE"""),FALSE) -> FALSE | G87: =IFERROR(__xludf.DUMMYFUNCTION("""COMPUTED_VALUE"""),"Desflurane") -> Desflurane | H87: =IFERROR(__xludf.DUMMYFUNCTION("""COMPUTED_VALUE"""),0.0) -> 0 | I87: =IFERROR(__xludf.DUMMYFUNCTION("""COMPUTED_VALUE"""),3.0) -> 3 | J87: =IFERROR(__xludf.DUMMYFUNCTION("""COMPUTED_VALUE"""),FALSE) -> FALSE | K87: =IFERROR(__xludf.DUMMYFUNCTION("""COMPUTED_VALUE"""),FALSE) -> FALSE | M87: =IFERROR(__xludf.DUMMYFUNCTION("""COMPUTED_VALUE"""),"Pyridostigmine") -> Pyridostigmine | N87: =IFERROR(__xludf.DUMMYFUNCTION("""COMPUTED_VALUE"""),2.0) -> 2 | O87: =IFERROR(__xludf.DUMMYFUNCTION("""COMPUTED_VALUE"""),3.0) -> 3 | P87: =IFERROR(__xludf.DUMMYFUNCTION("""COMPUTED_VALUE"""),FALSE) -> FALSE | Q87: =IFERROR(__xludf.DUMMYFUNCTION("""COMPUTED_VALUE"""),FALSE) -> FALSE | S87: Metoprolol | T87: {=XLOOKUP(S87, MAPK8IP3, B3:B1000, XLOOKUP(S87, ZC4H2, H3:H1000, XLOOKUP(S87, SLC6A1, N3:N1000)))} -> 6 | U87: {=XLOOKUP(S87, MAPK8IP3, C3:C1000, XLOOKUP(S87, ZC4H2, I3:I1000, XLOOKUP(S87, SLC6A1, O3:O1000)))} -> 3 | V87: {=XLOOKUP(S87, MAPK8IP3, D3:D1000, XLOOKUP(S87, ZC4H2, J3:J1000, XLOOKUP(S87, SLC6A1, P3:P1000)))} -> FALSE
A88: =IFERROR(__xludf.DUMMYFUNCTION("""COMPUTED_VALUE"""),"Guanabenz") -> Guanabenz | B88: =IFERROR(__xludf.DUMMYFUNCTION("""COMPUTED_VALUE"""),1.0) -> 1 | C88: =IFERROR(__xludf.DUMMYFUNCTION("""COMPUTED_VALUE"""),3.0) -> 3 | D88: =IFERROR(__xludf.DUMMYFUNCTION("""COMPUTED_VALUE"""),FALSE) -> FALSE | E88: =IFERROR(__xludf.DUMMYFUNCTION("""COMPUTED_VALUE"""),FALSE) -> FALSE | G88: =IFERROR(__xludf.DUMMYFUNCTION("""COMPUTED_VALUE"""),"Ketamine") -> Ketamine | H88: =IFERROR(__xludf.DUMMYFUNCTION("""COMPUTED_VALUE"""),0.0) -> 0 | I88: =IFERROR(__xludf.DUMMYFUNCTION("""COMPUTED_VALUE"""),3.0) -> 3 | J88: =IFERROR(__xludf.DUMMYFUNCTION("""COMPUTED_VALUE"""),FALSE) -> FALSE | K88: =IFERROR(__xludf.DUMMYFUNCTION("""COMPUTED_VALUE"""),FALSE) -> FALSE | M88: =IFERROR(__xludf.DUMMYFUNCTION("""COMPUTED_VALUE"""),"Pyridoxine") -> Pyridoxine | N88: =IFERROR(__xludf.DUMMYFUNCTION("""COMPUTED_VALUE"""),6.0) -> 6 | O88: =IFERROR(__xludf.DUMMYFUNCTION("""COMPUTED_VALUE"""),3.0) -> 3 | P88: =IFERROR(__xludf.DUMMYFUNCTION("""COMPUTED_VALUE"""),FALSE) -> FALSE | Q88: =IFERROR(__xludf.DUMMYFUNCTION("""COMPUTED_VALUE"""),FALSE) -> FALSE | S88: Metyrapone | T88: {=XLOOKUP(S88, MAPK8IP3, B3:B1000, XLOOKUP(S88, ZC4H2, H3:H1000, XLOOKUP(S88, SLC6A1, N3:N1000)))} -> 1 | U88: {=XLOOKUP(S88, MAPK8IP3, C3:C1000, XLOOKUP(S88, ZC4H2, I3:I1000, XLOOKUP(S88, SLC6A1, O3:O1000)))} -> 3 | V88: {=XLOOKUP(S88, MAPK8IP3, D3:D1000, XLOOKUP(S88, ZC4H2, J3:J1000, XLOOKUP(S88, SLC6A1, P3:P1000)))} -> FALSE
A89: =IFERROR(__xludf.DUMMYFUNCTION("""COMPUTED_VALUE"""),"Methsuximide") -> Methsuximide | B89: =IFERROR(__xludf.DUMMYFUNCTION("""COMPUTED_VALUE"""),1.0) -> 1 | C89: =IFERROR(__xludf.DUMMYFUNCTION("""COMPUTED_VALUE"""),3.0) -> 3 | D89: =IFERROR(__xludf.DUMMYFUNCTION("""COMPUTED_VALUE"""),FALSE) -> FALSE | E89: =IFERROR(__xludf.DUMMYFUNCTION("""COMPUTED_VALUE"""),FALSE) -> FALSE | G89: =IFERROR(__xludf.DUMMYFUNCTION("""COMPUTED_VALUE"""),"Mepivacaine") -> Mepivacaine | H89: =IFERROR(__xludf.DUMMYFUNCTION("""COMPUTED_VALUE"""),0.0) -> 0 | I89: =IFERROR(__xludf.DUMMYFUNCTION("""COMPUTED_VALUE"""),3.0) -> 3 | J89: =IFERROR(__xludf.DUMMYFUNCTION("""COMPUTED_VALUE"""),FALSE) -> FALSE | K89: =IFERROR(__xludf.DUMMYFUNCTION("""COMPUTED_VALUE"""),FALSE) -> FALSE | M89: =IFERROR(__xludf.DUMMYFUNCTION("""COMPUTED_VALUE"""),"Quinine") -> Quinine | N89: =IFERROR(__xludf.DUMMYFUNCTION("""COMPUTED_VALUE"""),0.0) -> 0 | O89: =IFERROR(__xludf.DUMMYFUNCTION("""COMPUTED_VALUE"""),3.0) -> 3 | P89: =IFERROR(__xludf.DUMMYFUNCTION("""COMPUTED_VALUE"""),FALSE) -> FALSE | Q89: =IFERROR(__xludf.DUMMYFUNCTION("""COMPUTED_VALUE"""),FALSE) -> FALSE | S89: Midodrine | T89: {=XLOOKUP(S89, MAPK8IP3, B3:B1000, XLOOKUP(S89, ZC4H2, H3:H1000, XLOOKUP(S89, SLC6A1, N3:N1000)))} -> 5 | U89: {=XLOOKUP(S89, MAPK8IP3, C3:C1000, XLOOKUP(S89, ZC4H2, I3:I1000, XLOOKUP(S89, SLC6A1, O3:O1000)))} -> 3 | V89: {=XLOOKUP(S89, MAPK8IP3, D3:D1000, XLOOKUP(S89, ZC4H2, J3:J1000, XLOOKUP(S89, SLC6A1, P3:P1000)))} -> FALSE
A90: =IFERROR(__xludf.DUMMYFUNCTION("""COMPUTED_VALUE"""),"Metyrapone") -> Metyrapone | B90: =IFERROR(__xludf.DUMMYFUNCTION("""COMPUTED_VALUE"""),1.0) -> 1 | C90: =IFERROR(__xludf.DUMMYFUNCTION("""COMPUTED_VALUE"""),3.0) -> 3 | D90: =IFERROR(__xludf.DUMMYFUNCTION("""COMPUTED_VALUE"""),FALSE) -> FALSE | E90: =IFERROR(__xludf.DUMMYFUNCTION("""COMPUTED_VALUE"""),FALSE) -> FALSE | G90: =IFERROR(__xludf.DUMMYFUNCTION("""COMPUTED_VALUE"""),"Misoprostol") -> Misoprostol | H90: =IFERROR(__xludf.DUMMYFUNCTION("""COMPUTED_VALUE"""),0.0) -> 0 | I90: =IFERROR(__xludf.DUMMYFUNCTION("""COMPUTED_VALUE"""),3.0) -> 3 | J90: =IFERROR(__xludf.DUMMYFUNCTION("""COMPUTED_VALUE"""),FALSE) -> FALSE | K90: =IFERROR(__xludf.DUMMYFUNCTION("""COMPUTED_VALUE"""),FALSE) -> FALSE | M90: =IFERROR(__xludf.DUMMYFUNCTION("""COMPUTED_VALUE"""),"Remifentanil") -> Remifentanil | N90: =IFERROR(__xludf.DUMMYFUNCTION("""COMPUTED_VALUE"""),0.0) -> 0 | O90: =IFERROR(__xludf.DUMMYFUNCTION("""COMPUTED_VALUE"""),3.0) -> 3 | P90: =IFERROR(__xludf.DUMMYFUNCTION("""COMPUTED_VALUE"""),FALSE) -> FALSE | Q90: =IFERROR(__xludf.DUMMYFUNCTION("""COMPUTED_VALUE"""),FALSE) -> FALSE | S90: Misoprostol | T90: {=XLOOKUP(S90, MAPK8IP3, B3:B1000, XLOOKUP(S90, ZC4H2, H3:H1000, XLOOKUP(S90, SLC6A1, N3:N1000)))} -> 0 | U90: {=XLOOKUP(S90, MAPK8IP3, C3:C1000, XLOOKUP(S90, ZC4H2, I3:I1000, XLOOKUP(S90, SLC6A1, O3:O1000)))} -> 3 | V90: {=XLOOKUP(S90, MAPK8IP3, D3:D1000, XLOOKUP(S90, ZC4H2, J3:J1000, XLOOKUP(S90, SLC6A1, P3:P1000)))} -> FALSE
A91: =IFERROR(__xludf.DUMMYFUNCTION("""COMPUTED_VALUE"""),"Moclobemide") -> Moclobemide | B91: =IFERROR(__xludf.DUMMYFUNCTION("""COMPUTED_VALUE"""),1.0) -> 1 | C91: =IFERROR(__xludf.DUMMYFUNCTION("""COMPUTED_VALUE"""),3.0) -> 3 | D91: =IFERROR(__xludf.DUMMYFUNCTION("""COMPUTED_VALUE"""),TRUE) -> TRUE | E91: =IFERROR(__xludf.DUMMYFUNCTION("""COMPUTED_VALUE"""),TRUE) -> TRUE | G91: =IFERROR(__xludf.DUMMYFUNCTION("""COMPUTED_VALUE"""),"Nalbuphine") -> Nalbuphine | H91: =IFERROR(__xludf.DUMMYFUNCTION("""COMPUTED_VALUE"""),0.0) -> 0 | I91: =IFERROR(__xludf.DUMMYFUNCTION("""COMPUTED_VALUE"""),3.0) -> 3 | J91: =IFERROR(__xludf.DUMMYFUNCTION("""COMPUTED_VALUE"""),FALSE) -> FALSE | K91: =IFERROR(__xludf.DUMMYFUNCTION("""COMPUTED_VALUE"""),FALSE) -> FALSE | M91: =IFERROR(__xludf.DUMMYFUNCTION("""COMPUTED_VALUE"""),"Rivastigmine") -> Rivastigmine | N91: =IFERROR(__xludf.DUMMYFUNCTION("""COMPUTED_VALUE"""),2.0) -> 2 | O91: =IFERROR(__xludf.DUMMYFUNCTION("""COMPUTED_VALUE"""),3.0) -> 3 | P91: =IFERROR(__xludf.DUMMYFUNCTION("""COMPUTED_VALUE"""),TRUE) -> TRUE | Q91: =IFERROR(__xludf.DUMMYFUNCTION("""COMPUTED_VALUE"""),FALSE) -> FALSE | S91: Moclobemide | T91: {=XLOOKUP(S91, MAPK8IP3, B3:B1000, XLOOKUP(S91, ZC4H2, H3:H1000, XLOOKUP(S91, SLC6A1, N3:N1000)))} -> 1 | U91: {=XLOOKUP(S91, MAPK8IP3, C3:C1000, XLOOKUP(S91, ZC4H2, I3:I1000, XLOOKUP(S91, SLC6A1, O3:O1000)))} -> 3 | V91: {=XLOOKUP(S91, MAPK8IP3, D3:D1000, XLOOKUP(S91, ZC4H2, J3:J1000, XLOOKUP(S91, SLC6A1, P3:P1000)))} -> TRUE
A92: =IFERROR(__xludf.DUMMYFUNCTION("""COMPUTED_VALUE"""),"Oxybutynin") -> Oxybutynin | B92: =IFERROR(__xludf.DUMMYFUNCTION("""COMPUTED_VALUE"""),1.0) -> 1 | C92: =IFERROR(__xludf.DUMMYFUNCTION("""COMPUTED_VALUE"""),3.0) -> 3 | D92: =IFERROR(__xludf.DUMMYFUNCTION("""COMPUTED_VALUE"""),FALSE) -> FALSE | E92: =IFERROR(__xludf.DUMMYFUNCTION("""COMPUTED_VALUE"""),FALSE) -> FALSE | G92: =IFERROR(__xludf.DUMMYFUNCTION("""COMPUTED_VALUE"""),"Nitroglycerin") -> Nitroglycerin | H92: =IFERROR(__xludf.DUMMYFUNCTION("""COMPUTED_VALUE"""),0.0) -> 0 | I92: =IFERROR(__xludf.DUMMYFUNCTION("""COMPUTED_VALUE"""),3.0) -> 3 | J92: =IFERROR(__xludf.DUMMYFUNCTION("""COMPUTED_VALUE"""),FALSE) -> FALSE | K92: =IFERROR(__xludf.DUMMYFUNCTION("""COMPUTED_VALUE"""),FALSE) -> FALSE | M92: =IFERROR(__xludf.DUMMYFUNCTION("""COMPUTED_VALUE"""),"Ropivacaine") -> Ropivacaine | N92: =IFERROR(__xludf.DUMMYFUNCTION("""COMPUTED_VALUE"""),0.0) -> 0 | O92: =IFERROR(__xludf.DUMMYFUNCTION("""COMPUTED_VALUE"""),3.0) -> 3 | P92: =IFERROR(__xludf.DUMMYFUNCTION("""COMPUTED_VALUE"""),FALSE) -> FALSE | Q92: =IFERROR(__xludf.DUMMYFUNCTION("""COMPUTED_VALUE"""),FALSE) -> FALSE | S92: Nadolol | T92: {=XLOOKUP(S92, MAPK8IP3, B3:B1000, XLOOKUP(S92, ZC4H2, H3:H1000, XLOOKUP(S92, SLC6A1, N3:N1000)))} -> 3 | U92: {=XLOOKUP(S92, MAPK8IP3, C3:C1000, XLOOKUP(S92, ZC4H2, I3:I1000, XLOOKUP(S92, SLC6A1, O3:O1000)))} -> 3 | V92: {=XLOOKUP(S92, MAPK8IP3, D3:D1000, XLOOKUP(S92, ZC4H2, J3:J1000, XLOOKUP(S92, SLC6A1, P3:P1000)))} -> FALSE
A93: =IFERROR(__xludf.DUMMYFUNCTION("""COMPUTED_VALUE"""),"Oxymetazoline") -> Oxymetazoline | B93: =IFERROR(__xludf.DUMMYFUNCTION("""COMPUTED_VALUE"""),1.0) -> 1 | C93: =IFERROR(__xludf.DUMMYFUNCTION("""COMPUTED_VALUE"""),3.0) -> 3 | D93: =IFERROR(__xludf.DUMMYFUNCTION("""COMPUTED_VALUE"""),FALSE) -> FALSE | E93: =IFERROR(__xludf.DUMMYFUNCTION("""COMPUTED_VALUE"""),FALSE) -> FALSE | G93: =IFERROR(__xludf.DUMMYFUNCTION("""COMPUTED_VALUE"""),"Pentobarbital") -> Pentobarbital | H93: =IFERROR(__xludf.DUMMYFUNCTION("""COMPUTED_VALUE"""),0.0) -> 0 | I93: =IFERROR(__xludf.DUMMYFUNCTION("""COMPUTED_VALUE"""),3.0) -> 3 | J93: =IFERROR(__xludf.DUMMYFUNCTION("""COMPUTED_VALUE"""),FALSE) -> FALSE | K93: =IFERROR(__xludf.DUMMYFUNCTION("""COMPUTED_VALUE"""),FALSE) -> FALSE | M93: =IFERROR(__xludf.DUMMYFUNCTION("""COMPUTED_VALUE"""),"Sertraline") -> Sertraline | N93: =IFERROR(__xludf.DUMMYFUNCTION("""COMPUTED_VALUE"""),6.0) -> 6 | O93: =IFERROR(__xludf.DUMMYFUNCTION("""COMPUTED_VALUE"""),3.0) -> 3 | P93: =IFERROR(__xludf.DUMMYFUNCTION("""COMPUTED_VALUE"""),TRUE) -> TRUE | Q93: =IFERROR(__xludf.DUMMYFUNCTION("""COMPUTED_VALUE"""),FALSE) -> FALSE | S93: Nalbuphine | T93: {=XLOOKUP(S93, MAPK8IP3, B3:B1000, XLOOKUP(S93, ZC4H2, H3:H1000, XLOOKUP(S93, SLC6A1, N3:N1000)))} -> 0 | U93: {=XLOOKUP(S93, MAPK8IP3, C3:C1000, XLOOKUP(S93, ZC4H2, I3:I1000, XLOOKUP(S93, SLC6A1, O3:O1000)))} -> 3 | V93: {=XLOOKUP(S93, MAPK8IP3, D3:D1000, XLOOKUP(S93, ZC4H2, J3:J1000, XLOOKUP(S93, SLC6A1, P3:P1000)))} -> FALSE
A94: =IFERROR(__xludf.DUMMYFUNCTION("""COMPUTED_VALUE"""),"Paricalcitol") -> Paricalcitol | B94: =IFERROR(__xludf.DUMMYFUNCTION("""COMPUTED_VALUE"""),1.0) -> 1 | C94: =IFERROR(__xludf.DUMMYFUNCTION("""COMPUTED_VALUE"""),3.0) -> 3 | D94: =IFERROR(__xludf.DUMMYFUNCTION("""COMPUTED_VALUE"""),FALSE) -> FALSE | E94: =IFERROR(__xludf.DUMMYFUNCTION("""COMPUTED_VALUE"""),FALSE) -> FALSE | G94: =IFERROR(__xludf.DUMMYFUNCTION("""COMPUTED_VALUE"""),"Perphenazine") -> Perphenazine | H94: =IFERROR(__xludf.DUMMYFUNCTION("""COMPUTED_VALUE"""),0.0) -> 0 | I94: =IFERROR(__xludf.DUMMYFUNCTION("""COMPUTED_VALUE"""),3.0) -> 3 | J94: =IFERROR(__xludf.DUMMYFUNCTION("""COMPUTED_VALUE"""),FALSE) -> FALSE | K94: =IFERROR(__xludf.DUMMYFUNCTION("""COMPUTED_VALUE"""),FALSE) -> FALSE | M94: =IFERROR(__xludf.DUMMYFUNCTION("""COMPUTED_VALUE"""),"Sevoflurane") -> Sevoflurane | N94: =IFERROR(__xludf.DUMMYFUNCTION("""COMPUTED_VALUE"""),0.0) -> 0 | O94: =IFERROR(__xludf.DUMMYFUNCTION("""COMPUTED_VALUE"""),3.0) -> 3 | P94: =IFERROR(__xludf.DUMMYFUNCTION("""COMPUTED_VALUE"""),FALSE) -> FALSE | Q94: =IFERROR(__xludf.DUMMYFUNCTION("""COMPUTED_VALUE"""),FALSE) -> FALSE | S94: Naloxone | T94: {=XLOOKUP(S94, MAPK8IP3, B3:B1000, XLOOKUP(S94, ZC4H2, H3:H1000, XLOOKUP(S94, SLC6A1, N3:N1000)))} -> 3 | U94: {=XLOOKUP(S94, MAPK8IP3, C3:C1000, XLOOKUP(S94, ZC4H2, I3:I1000, XLOOKUP(S94, SLC6A1, O3:O1000)))} -> 3 | V94: {=XLOOKUP(S94, MAPK8IP3, D3:D1000, XLOOKUP(S94, ZC4H2, J3:J1000, XLOOKUP(S94, SLC6A1, P3:P1000)))} -> FALSE
A95: =IFERROR(__xludf.DUMMYFUNCTION("""COMPUTED_VALUE"""),"Praziquantel") -> Praziquantel | B95: =IFERROR(__xludf.DUMMYFUNCTION("""COMPUTED_VALUE"""),1.0) -> 1 | C95: =IFERROR(__xludf.DUMMYFUNCTION("""COMPUTED_VALUE"""),3.0) -> 3 | D95: =IFERROR(__xludf.DUMMYFUNCTION("""COMPUTED_VALUE"""),FALSE) -> FALSE | E95: =IFERROR(__xludf.DUMMYFUNCTION("""COMPUTED_VALUE"""),FALSE) -> FALSE | G95: =IFERROR(__xludf.DUMMYFUNCTION("""COMPUTED_VALUE"""),"Phenoxybenzamine") -> Phenoxybenzamine | H95: =IFERROR(__xludf.DUMMYFUNCTION("""COMPUTED_VALUE"""),0.0) -> 0 | I95: =IFERROR(__xludf.DUMMYFUNCTION("""COMPUTED_VALUE"""),3.0) -> 3 | J95: =IFERROR(__xludf.DUMMYFUNCTION("""COMPUTED_VALUE"""),FALSE) -> FALSE | K95: =IFERROR(__xludf.DUMMYFUNCTION("""COMPUTED_VALUE"""),FALSE) -> FALSE | M95: =IFERROR(__xludf.DUMMYFUNCTION("""COMPUTED_VALUE"""),"Succinic acid") -> Succinic acid | N95: =IFERROR(__xludf.DUMMYFUNCTION("""COMPUTED_VALUE"""),3.0) -> 3 | O95: =IFERROR(__xludf.DUMMYFUNCTION("""COMPUTED_VALUE"""),3.0) -> 3 | P95: =IFERROR(__xludf.DUMMYFUNCTION("""COMPUTED_VALUE"""),FALSE) -> FALSE | Q95: =IFERROR(__xludf.DUMMYFUNCTION("""COMPUTED_VALUE"""),FALSE) -> FALSE | S95: Natalizumab | T95: {=XLOOKUP(S95, MAPK8IP3, B3:B1000, XLOOKUP(S95, ZC4H2, H3:H1000, XLOOKUP(S95, SLC6A1, N3:N1000)))} -> 0 | U95: {=XLOOKUP(S95, MAPK8IP3, C3:C1000, XLOOKUP(S95, ZC4H2, I3:I1000, XLOOKUP(S95, SLC6A1, O3:O1000)))} -> 3 | V95: {=XLOOKUP(S95, MAPK8IP3, D3:D1000, XLOOKUP(S95, ZC4H2, J3:J1000, XLOOKUP(S95, SLC6A1, P3:P1000)))} -> FALSE
A96: =IFERROR(__xludf.DUMMYFUNCTION("""COMPUTED_VALUE"""),"Tramadol") -> Tramadol | B96: =IFERROR(__xludf.DUMMYFUNCTION("""COMPUTED_VALUE"""),1.0) -> 1 | C96: =IFERROR(__xludf.DUMMYFUNCTION("""COMPUTED_VALUE"""),3.0) -> 3 | D96: =IFERROR(__xludf.DUMMYFUNCTION("""COMPUTED_VALUE"""),FALSE) -> FALSE | E96: =IFERROR(__xludf.DUMMYFUNCTION("""COMPUTED_VALUE"""),FALSE) -> FALSE | G96: =IFERROR(__xludf.DUMMYFUNCTION("""COMPUTED_VALUE"""),"Phentolamine") -> Phentolamine | H96: =IFERROR(__xludf.DUMMYFUNCTION("""COMPUTED_VALUE"""),0.0) -> 0 | I96: =IFERROR(__xludf.DUMMYFUNCTION("""COMPUTED_VALUE"""),3.0) -> 3 | J96: =IFERROR(__xludf.DUMMYFUNCTION("""COMPUTED_VALUE"""),FALSE) -> FALSE | K96: =IFERROR(__xludf.DUMMYFUNCTION("""COMPUTED_VALUE"""),FALSE) -> FALSE | M96: =IFERROR(__xludf.DUMMYFUNCTION("""COMPUTED_VALUE"""),"Tolterodine") -> Tolterodine | N96: =IFERROR(__xludf.DUMMYFUNCTION("""COMPUTED_VALUE"""),1.0) -> 1 | O96: =IFERROR(__xludf.DUMMYFUNCTION("""COMPUTED_VALUE"""),3.0) -> 3 | P96: =IFERROR(__xludf.DUMMYFUNCTION("""COMPUTED_VALUE"""),FALSE) -> FALSE | Q96: =IFERROR(__xludf.DUMMYFUNCTION("""COMPUTED_VALUE"""),FALSE) -> FALSE | S96: Nitroglycerin | T96: {=XLOOKUP(S96, MAPK8IP3, B3:B1000, XLOOKUP(S96, ZC4H2, H3:H1000, XLOOKUP(S96, SLC6A1, N3:N1000)))} -> 0 | U96: {=XLOOKUP(S96, MAPK8IP3, C3:C1000, XLOOKUP(S96, ZC4H2, I3:I1000, XLOOKUP(S96, SLC6A1, O3:O1000)))} -> 3 | V96: {=XLOOKUP(S96, MAPK8IP3, D3:D1000, XLOOKUP(S96, ZC4H2, J3:J1000, XLOOKUP(S96, SLC6A1, P3:P1000)))} -> FALSE
A97: =IFERROR(__xludf.DUMMYFUNCTION("""COMPUTED_VALUE"""),"Tropicamide") -> Tropicamide | B97: =IFERROR(__xludf.DUMMYFUNCTION("""COMPUTED_VALUE"""),1.0) -> 1 | C97: =IFERROR(__xludf.DUMMYFUNCTION("""COMPUTED_VALUE"""),3.0) -> 3 | D97: =IFERROR(__xludf.DUMMYFUNCTION("""COMPUTED_VALUE"""),FALSE) -> FALSE | E97: =IFERROR(__xludf.DUMMYFUNCTION("""COMPUTED_VALUE"""),FALSE) -> FALSE | G97: =IFERROR(__xludf.DUMMYFUNCTION("""COMPUTED_VALUE"""),"Pilocarpine") -> Pilocarpine | H97: =IFERROR(__xludf.DUMMYFUNCTION("""COMPUTED_VALUE"""),0.0) -> 0 | I97: =IFERROR(__xludf.DUMMYFUNCTION("""COMPUTED_VALUE"""),3.0) -> 3 | J97: =IFERROR(__xludf.DUMMYFUNCTION("""COMPUTED_VALUE"""),FALSE) -> FALSE | K97: =IFERROR(__xludf.DUMMYFUNCTION("""COMPUTED_VALUE"""),FALSE) -> FALSE | M97: =IFERROR(__xludf.DUMMYFUNCTION("""COMPUTED_VALUE"""),"Tramadol") -> Tramadol | N97: =IFERROR(__xludf.DUMMYFUNCTION("""COMPUTED_VALUE"""),1.0) -> 1 | O97: =IFERROR(__xludf.DUMMYFUNCTION("""COMPUTED_VALUE"""),3.0) -> 3 | P97: =IFERROR(__xludf.DUMMYFUNCTION("""COMPUTED_VALUE"""),FALSE) -> FALSE | Q97: =IFERROR(__xludf.DUMMYFUNCTION("""COMPUTED_VALUE"""),FALSE) -> FALSE | S97: Oseltamivir | T97: {=XLOOKUP(S97, MAPK8IP3, B3:B1000, XLOOKUP(S97, ZC4H2, H3:H1000, XLOOKUP(S97, SLC6A1, N3:N1000)))} -> 6 | U97: {=XLOOKUP(S97, MAPK8IP3, C3:C1000, XLOOKUP(S97, ZC4H2, I3:I1000, XLOOKUP(S97, SLC6A1, O3:O1000)))} -> 3 | V97: {=XLOOKUP(S97, MAPK8IP3, D3:D1000, XLOOKUP(S97, ZC4H2, J3:J1000, XLOOKUP(S97, SLC6A1, P3:P1000)))} -> FALSE
A98: =IFERROR(__xludf.DUMMYFUNCTION("""COMPUTED_VALUE"""),"Desflurane") -> Desflurane | B98: =IFERROR(__xludf.DUMMYFUNCTION("""COMPUTED_VALUE"""),0.0) -> 0 | C98: =IFERROR(__xludf.DUMMYFUNCTION("""COMPUTED_VALUE"""),3.0) -> 3 | D98: =IFERROR(__xludf.DUMMYFUNCTION("""COMPUTED_VALUE"""),FALSE) -> FALSE | E98: =IFERROR(__xludf.DUMMYFUNCTION("""COMPUTED_VALUE"""),FALSE) -> FALSE | G98: =IFERROR(__xludf.DUMMYFUNCTION("""COMPUTED_VALUE"""),"Primaquine") -> Primaquine | H98: =IFERROR(__xludf.DUMMYFUNCTION("""COMPUTED_VALUE"""),0.0) -> 0 | I98: =IFERROR(__xludf.DUMMYFUNCTION("""COMPUTED_VALUE"""),3.0) -> 3 | J98: =IFERROR(__xludf.DUMMYFUNCTION("""COMPUTED_VALUE"""),FALSE) -> FALSE | K98: =IFERROR(__xludf.DUMMYFUNCTION("""COMPUTED_VALUE"""),FALSE) -> FALSE | M98: =IFERROR(__xludf.DUMMYFUNCTION("""COMPUTED_VALUE"""),"Tranexamic acid") -> Tranexamic acid | N98: =IFERROR(__xludf.DUMMYFUNCTION("""COMPUTED_VALUE"""),2.0) -> 2 | O98: =IFERROR(__xludf.DUMMYFUNCTION("""COMPUTED_VALUE"""),3.0) -> 3 | P98: =IFERROR(__xludf.DUMMYFUNCTION("""COMPUTED_VALUE"""),FALSE) -> FALSE | Q98: =IFERROR(__xludf.DUMMYFUNCTION("""COMPUTED_VALUE"""),FALSE) -> FALSE | S98: Oxindole | T98: {=XLOOKUP(S98, MAPK8IP3, B3:B1000, XLOOKUP(S98, ZC4H2, H3:H1000, XLOOKUP(S98, SLC6A1, N3:N1000)))} -> -2 | U98: {=XLOOKUP(S98, MAPK8IP3, C3:C1000, XLOOKUP(S98, ZC4H2, I3:I1000, XLOOKUP(S98, SLC6A1, O3:O1000)))} -> 1 | V98: {=XLOOKUP(S98, MAPK8IP3, D3:D1000, XLOOKUP(S98, ZC4H2, J3:J1000, XLOOKUP(S98, SLC6A1, P3:P1000)))} -> TRUE
A99: =IFERROR(__xludf.DUMMYFUNCTION("""COMPUTED_VALUE"""),"Ketamine") -> Ketamine | B99: =IFERROR(__xludf.DUMMYFUNCTION("""COMPUTED_VALUE"""),0.0) -> 0 | C99: =IFERROR(__xludf.DUMMYFUNCTION("""COMPUTED_VALUE"""),3.0) -> 3 | D99: =IFERROR(__xludf.DUMMYFUNCTION("""COMPUTED_VALUE"""),FALSE) -> FALSE | E99: =IFERROR(__xludf.DUMMYFUNCTION("""COMPUTED_VALUE"""),FALSE) -> FALSE | G99: =IFERROR(__xludf.DUMMYFUNCTION("""COMPUTED_VALUE"""),"Procaine") -> Procaine | H99: =IFERROR(__xludf.DUMMYFUNCTION("""COMPUTED_VALUE"""),0.0) -> 0 | I99: =IFERROR(__xludf.DUMMYFUNCTION("""COMPUTED_VALUE"""),3.0) -> 3 | J99: =IFERROR(__xludf.DUMMYFUNCTION("""COMPUTED_VALUE"""),FALSE) -> FALSE | K99: =IFERROR(__xludf.DUMMYFUNCTION("""COMPUTED_VALUE"""),FALSE) -> FALSE | M99: =IFERROR(__xludf.DUMMYFUNCTION("""COMPUTED_VALUE"""),"Tretinoin") -> Tretinoin | N99: =IFERROR(__xludf.DUMMYFUNCTION("""COMPUTED_VALUE"""),3.0) -> 3 | O99: =IFERROR(__xludf.DUMMYFUNCTION("""COMPUTED_VALUE"""),3.0) -> 3 | P99: =IFERROR(__xludf.DUMMYFUNCTION("""COMPUTED_VALUE"""),FALSE) -> FALSE | Q99: =IFERROR(__xludf.DUMMYFUNCTION("""COMPUTED_VALUE"""),FALSE) -> FALSE | S99: Oxybutynin | T99: {=XLOOKUP(S99, MAPK8IP3, B3:B1000, XLOOKUP(S99, ZC4H2, H3:H1000, XLOOKUP(S99, SLC6A1, N3:N1000)))} -> 1 | U99: {=XLOOKUP(S99, MAPK8IP3, C3:C1000, XLOOKUP(S99, ZC4H2, I3:I1000, XLOOKUP(S99, SLC6A1, O3:O1000)))} -> 3 | V99: {=XLOOKUP(S99, MAPK8IP3, D3:D1000, XLOOKUP(S99, ZC4H2, J3:J1000, XLOOKUP(S99, SLC6A1, P3:P1000)))} -> FALSE
A100: =IFERROR(__xludf.DUMMYFUNCTION("""COMPUTED_VALUE"""),"Latanoprost") -> Latanoprost | B100: =IFERROR(__xludf.DUMMYFUNCTION("""COMPUTED_VALUE"""),0.0) -> 0 | C100: =IFERROR(__xludf.DUMMYFUNCTION("""COMPUTED_VALUE"""),3.0) -> 3 | D100: =IFERROR(__xludf.DUMMYFUNCTION("""COMPUTED_VALUE"""),FALSE) -> FALSE | E100: =IFERROR(__xludf.DUMMYFUNCTION("""COMPUTED_VALUE"""),FALSE) -> FALSE | G100: =IFERROR(__xludf.DUMMYFUNCTION("""COMPUTED_VALUE"""),"Propofol") -> Propofol | H100: =IFERROR(__xludf.DUMMYFUNCTION("""COMPUTED_VALUE"""),0.0) -> 0 | I100: =IFERROR(__xludf.DUMMYFUNCTION("""COMPUTED_VALUE"""),3.0) -> 3 | J100: =IFERROR(__xludf.DUMMYFUNCTION("""COMPUTED_VALUE"""),FALSE) -> FALSE | K100: =IFERROR(__xludf.DUMMYFUNCTION("""COMPUTED_VALUE"""),FALSE) -> FALSE | M100: =IFERROR(__xludf.DUMMYFUNCTION("""COMPUTED_VALUE"""),"Triamcinolone") -> Triamcinolone | N100: =IFERROR(__xludf.DUMMYFUNCTION("""COMPUTED_VALUE"""),6.0) -> 6 | O100: =IFERROR(__xludf.DUMMYFUNCTION("""COMPUTED_VALUE"""),3.0) -> 3 | P100: =IFERROR(__xludf.DUMMYFUNCTION("""COMPUTED_VALUE"""),FALSE) -> FALSE | Q100: =IFERROR(__xludf.DUMMYFUNCTION("""COMPUTED_VALUE"""),FALSE) -> FALSE | S100: Oxymetazoline | T100: {=XLOOKUP(S100, MAPK8IP3, B3:B1000, XLOOKUP(S100, ZC4H2, H3:H1000, XLOOKUP(S100, SLC6A1, N3:N1000)))} -> 1 | U100: {=XLOOKUP(S100, MAPK8IP3, C3:C1000, XLOOKUP(S100, ZC4H2, I3:I1000, XLOOKUP(S100, SLC6A1, O3:O1000)))} -> 3 | V100: {=XLOOKUP(S100, MAPK8IP3, D3:D1000, XLOOKUP(S100, ZC4H2, J3:J1000, XLOOKUP(S100, SLC6A1, P3:P1000)))} -> FALSE
...

Sheet Commonality
A1: Total Count | C1: Common Drugs | D1: Score | E1: Count | G1: MAPK8IP3 Unique Drugs | H1: Score | I1: Count | K1: ZC4H2 Unique Drugs | L1: Score | M1: Count | O1: SLC6A1 Unique Drugs | P1: Score | Q1: Count
A2: {=COUNTA(UNIQUE({MAPK8IP3; ZC4H2; SLC6A1}))} -> 136 | C2: =IFERROR(__xludf.DUMMYFUNCTION("SORT(UNIQUE({FILTER(MAPK8IP3, ISNUMBER(MATCH(MAPK8IP3, ZC4H2, 0))); FILTER(ZC4H2, ISNUMBER(MATCH(ZC4H2, SLC6A1, 0))); FILTER(SLC6A1, ISNUMBER(MATCH(SLC6A1, MAPK8IP3, 0)))}))"),"Acamprosate") -> Acamprosate | D2: {=XLOOKUP(C2, Combined, 'Imported Data'!T3:T1000)} -> 1 | E2: =COUNTA(C2:C1000) -> 102 | G2: =IFERROR(__xludf.DUMMYFUNCTION("SORT(UNIQUE(FILTER(MAPK8IP3, ISNA(MATCH(MAPK8IP3, C2:C1000, 0)))))"),"Apraclonidine") -> Apraclonidine | H2: {=XLOOKUP(G2, Combined, 'Imported Data'!T3:T1000)} -> 1 | I2: =COUNTA(G2:G1000) -> 19 | K2: =IFERROR(__xludf.DUMMYFUNCTION("SORT(UNIQUE(FILTER(ZC4H2, ISNA(MATCH(ZC4H2, C2:C1000, 0)))))"),"Alfentanil") -> Alfentanil | L2: {=XLOOKUP(K2, Combined, 'Imported Data'!T3:T1000)} -> 0 | M2: =COUNTA(K2:K1000) -> 7 | O2: =IFERROR(__xludf.DUMMYFUNCTION("SORT(UNIQUE(FILTER(SLC6A1, ISNA(MATCH(SLC6A1, C2:C1000, 0)))))"),"Chloroprocaine") -> Chloroprocaine | P2: {=XLOOKUP(O2, Combined, 'Imported Data'!T3:T1000)} -> 0 | Q2: =COUNTA(O2:O1000) -> 8
C3: =IFERROR(__xludf.DUMMYFUNCTION("""COMPUTED_VALUE"""),"Acetaminophen") -> Acetaminophen | D3: {=XLOOKUP(C3, Combined, 'Imported Data'!T3:T1000)} -> 6 | G3: =IFERROR(__xludf.DUMMYFUNCTION("""COMPUTED_VALUE"""),"Azelaic acid") -> Azelaic acid | H3: {=XLOOKUP(G3, Combined, 'Imported Data'!T3:T1000)} -> 6 | K3: =IFERROR(__xludf.DUMMYFUNCTION("""COMPUTED_VALUE"""),"Anidulafungin") -> Anidulafungin | L3: {=XLOOKUP(K3, Combined, 'Imported Data'!T3:T1000)} -> 0 | O3: =IFERROR(__xludf.DUMMYFUNCTION("""COMPUTED_VALUE"""),"Clomifene") -> Clomifene | P3: {=XLOOKUP(O3, Combined, 'Imported Data'!T3:T1000)} -> 0
C4: =IFERROR(__xludf.DUMMYFUNCTION("""COMPUTED_VALUE"""),"Acetylcysteine") -> Acetylcysteine | D4: {=XLOOKUP(C4, Combined, 'Imported Data'!T3:T1000)} -> 6 | G4: =IFERROR(__xludf.DUMMYFUNCTION("""COMPUTED_VALUE"""),"Bepotastine") -> Bepotastine | H4: {=XLOOKUP(G4, Combined, 'Imported Data'!T3:T1000)} -> 2 | K4: =IFERROR(__xludf.DUMMYFUNCTION("""COMPUTED_VALUE"""),"Clindamycin") -> Clindamycin | L4: {=XLOOKUP(K4, Combined, 'Imported Data'!T3:T1000)} -> 6 | O4: =IFERROR(__xludf.DUMMYFUNCTION("""COMPUTED_VALUE"""),"Desonide") -> Desonide | P4: {=XLOOKUP(O4, Combined, 'Imported Data'!T3:T1000)} -> 5
C5: =IFERROR(__xludf.DUMMYFUNCTION("""COMPUTED_VALUE"""),"Alfacalcidol") -> Alfacalcidol | D5: {=XLOOKUP(C5, Combined, 'Imported Data'!T3:T1000)} -> 3 | G5: =IFERROR(__xludf.DUMMYFUNCTION("""COMPUTED_VALUE"""),"Cefoperazone") -> Cefoperazone | H5: {=XLOOKUP(G5, Combined, 'Imported Data'!T3:T1000)} -> 2 | K5: =IFERROR(__xludf.DUMMYFUNCTION("""COMPUTED_VALUE"""),"Phenoxybenzamine") -> Phenoxybenzamine | L5: {=XLOOKUP(K5, Combined, 'Imported Data'!T3:T1000)} -> 0 | O5: =IFERROR(__xludf.DUMMYFUNCTION("""COMPUTED_VALUE"""),"Hydromorphone") -> Hydromorphone | P5: {=XLOOKUP(O5, Combined, 'Imported Data'!T3:T1000)} -> 1
C6: =IFERROR(__xludf.DUMMYFUNCTION("""COMPUTED_VALUE"""),"Amantadine") -> Amantadine | D6: {=XLOOKUP(C6, Combined, 'Imported Data'!T3:T1000)} -> 2 | G6: =IFERROR(__xludf.DUMMYFUNCTION("""COMPUTED_VALUE"""),"Citalopram") -> Citalopram | H6: {=XLOOKUP(G6, Combined, 'Imported Data'!T3:T1000)} -> 6 | K6: =IFERROR(__xludf.DUMMYFUNCTION("""COMPUTED_VALUE"""),"Potassium chloride") -> Potassium chloride | L6: {=XLOOKUP(K6, Combined, 'Imported Data'!T3:T1000)} -> 6 | O6: =IFERROR(__xludf.DUMMYFUNCTION("""COMPUTED_VALUE"""),"Meperidine") -> Meperidine | P6: {=XLOOKUP(O6, Combined, 'Imported Data'!T3:T1000)} -> 0
C7: =IFERROR(__xludf.DUMMYFUNCTION("""COMPUTED_VALUE"""),"Amitriptyline") -> Amitriptyline | D7: {=XLOOKUP(C7, Combined, 'Imported Data'!T3:T1000)} -> 6 | G7: =IFERROR(__xludf.DUMMYFUNCTION("""COMPUTED_VALUE"""),"Dantrolene") -> Dantrolene | H7: {=XLOOKUP(G7, Combined, 'Imported Data'!T3:T1000)} -> 6 | K7: =IFERROR(__xludf.DUMMYFUNCTION("""COMPUTED_VALUE"""),"Primaquine") -> Primaquine | L7: {=XLOOKUP(K7, Combined, 'Imported Data'!T3:T1000)} -> 0 | O7: =IFERROR(__xludf.DUMMYFUNCTION("""COMPUTED_VALUE"""),"Natalizumab") -> Natalizumab | P7: {=XLOOKUP(O7, Combined, 'Imported Data'!T3:T1000)} -> 0
C8: =IFERROR(__xludf.DUMMYFUNCTION("""COMPUTED_VALUE"""),"Anakinra") -> Anakinra | D8: {=XLOOKUP(C8, Combined, 'Imported Data'!T3:T1000)} -> 2 | G8: =IFERROR(__xludf.DUMMYFUNCTION("""COMPUTED_VALUE"""),"Daprodustat") -> Daprodustat | H8: {=XLOOKUP(G8, Combined, 'Imported Data'!T3:T1000)} -> -1 | K8: =IFERROR(__xludf.DUMMYFUNCTION("""COMPUTED_VALUE"""),"Timolol") -> Timolol | L8: {=XLOOKUP(K8, Combined, 'Imported Data'!T3:T1000)} -> 1 | O8: =IFERROR(__xludf.DUMMYFUNCTION("""COMPUTED_VALUE"""),"Prilocaine") -> Prilocaine | P8: {=XLOOKUP(O8, Combined, 'Imported Data'!T3:T1000)} -> 0
C9: =IFERROR(__xludf.DUMMYFUNCTION("""COMPUTED_VALUE"""),"Arsenic trioxide") -> Arsenic trioxide | D9: {=XLOOKUP(C9, Combined, 'Imported Data'!T3:T1000)} -> 1 | G9: =IFERROR(__xludf.DUMMYFUNCTION("""COMPUTED_VALUE"""),"Everolimus") -> Everolimus | H9: {=XLOOKUP(G9, Combined, 'Imported Data'!T3:T1000)} -> 1 | O9: =IFERROR(__xludf.DUMMYFUNCTION("""COMPUTED_VALUE"""),"Tolterodine") -> Tolterodine | P9: {=XLOOKUP(O9, Combined, 'Imported Data'!T3:T1000)} -> 1
C10: =IFERROR(__xludf.DUMMYFUNCTION("""COMPUTED_VALUE"""),"Atomoxetine") -> Atomoxetine | D10: {=XLOOKUP(C10, Combined, 'Imported Data'!T3:T1000)} -> 5 | G10: =IFERROR(__xludf.DUMMYFUNCTION("""COMPUTED_VALUE"""),"Ezetimibe") -> Ezetimibe | H10: {=XLOOKUP(G10, Combined, 'Imported Data'!T3:T1000)} -> 5
C11: =IFERROR(__xludf.DUMMYFUNCTION("""COMPUTED_VALUE"""),"Baclofen") -> Baclofen | D11: {=XLOOKUP(C11, Combined, 'Imported Data'!T3:T1000)} -> 3 | G11: =IFERROR(__xludf.DUMMYFUNCTION("""COMPUTED_VALUE"""),"Fusidic acid") -> Fusidic acid | H11: {=XLOOKUP(G11, Combined, 'Imported Data'!T3:T1000)} -> 1
C12: =IFERROR(__xludf.DUMMYFUNCTION("""COMPUTED_VALUE"""),"Betamethasone") -> Betamethasone | D12: {=XLOOKUP(C12, Combined, 'Imported Data'!T3:T1000)} -> 6 | G12: =IFERROR(__xludf.DUMMYFUNCTION("""COMPUTED_VALUE"""),"Gemfibrozil") -> Gemfibrozil | H12: {=XLOOKUP(G12, Combined, 'Imported Data'!T3:T1000)} -> 5
C13: =IFERROR(__xludf.DUMMYFUNCTION("""COMPUTED_VALUE"""),"Biotin") -> Biotin | D13: {=XLOOKUP(C13, Combined, 'Imported Data'!T3:T1000)} -> 6 | G13: =IFERROR(__xludf.DUMMYFUNCTION("""COMPUTED_VALUE"""),"Guaifenesin") -> Guaifenesin | H13: {=XLOOKUP(G13, Combined, 'Imported Data'!T3:T1000)} -> 4
C14: =IFERROR(__xludf.DUMMYFUNCTION("""COMPUTED_VALUE"""),"Bisoprolol") -> Bisoprolol | D14: {=XLOOKUP(C14, Combined, 'Imported Data'!T3:T1000)} -> 2 | G14: =IFERROR(__xludf.DUMMYFUNCTION("""COMPUTED_VALUE"""),"Hydroxychloroquine") -> Hydroxychloroquine | H14: {=XLOOKUP(G14, Combined, 'Imported Data'!T3:T1000)} -> 2
C15: =IFERROR(__xludf.DUMMYFUNCTION("""COMPUTED_VALUE"""),"Budesonide") -> Budesonide | D15: {=XLOOKUP(C15, Combined, 'Imported Data'!T3:T1000)} -> 6 | G15: =IFERROR(__xludf.DUMMYFUNCTION("""COMPUTED_VALUE"""),"Latanoprost") -> Latanoprost | H15: {=XLOOKUP(G15, Combined, 'Imported Data'!T3:T1000)} -> 0
C16: =IFERROR(__xludf.DUMMYFUNCTION("""COMPUTED_VALUE"""),"Buspirone") -> Buspirone | D16: {=XLOOKUP(C16, Combined, 'Imported Data'!T3:T1000)} -> 6 | G16: =IFERROR(__xludf.DUMMYFUNCTION("""COMPUTED_VALUE"""),"Levodopa") -> Levodopa | H16: {=XLOOKUP(G16, Combined, 'Imported Data'!T3:T1000)} -> 5
C17: =IFERROR(__xludf.DUMMYFUNCTION("""COMPUTED_VALUE"""),"Butorphanol") -> Butorphanol | D17: {=XLOOKUP(C17, Combined, 'Imported Data'!T3:T1000)} -> 1 | G17: =IFERROR(__xludf.DUMMYFUNCTION("""COMPUTED_VALUE"""),"Lumateperone") -> Lumateperone | H17: {=XLOOKUP(G17, Combined, 'Imported Data'!T3:T1000)} -> 0
C18: =IFERROR(__xludf.DUMMYFUNCTION("""COMPUTED_VALUE"""),"Calcitriol") -> Calcitriol | D18: {=XLOOKUP(C18, Combined, 'Imported Data'!T3:T1000)} -> 5 | G18: =IFERROR(__xludf.DUMMYFUNCTION("""COMPUTED_VALUE"""),"Oxindole") -> Oxindole | H18: {=XLOOKUP(G18, Combined, 'Imported Data'!T3:T1000)} -> -2
C19: =IFERROR(__xludf.DUMMYFUNCTION("""COMPUTED_VALUE"""),"Captopril") -> Captopril | D19: {=XLOOKUP(C19, Combined, 'Imported Data'!T3:T1000)} -> 5 | G19: =IFERROR(__xludf.DUMMYFUNCTION("""COMPUTED_VALUE"""),"Permethrin") -> Permethrin | H19: {=XLOOKUP(G19, Combined, 'Imported Data'!T3:T1000)} -> 4
C20: =IFERROR(__xludf.DUMMYFUNCTION("""COMPUTED_VALUE"""),"Cholecalciferol") -> Cholecalciferol | D20: {=XLOOKUP(C20, Combined, 'Imported Data'!T3:T1000)} -> 5 | G20: =IFERROR(__xludf.DUMMYFUNCTION("""COMPUTED_VALUE"""),"Sirolimus") -> Sirolimus | H20: {=XLOOKUP(G20, Combined, 'Imported Data'!T3:T1000)} -> 2
C21: =IFERROR(__xludf.DUMMYFUNCTION("""COMPUTED_VALUE"""),"Ciclesonide") -> Ciclesonide | D21: {=XLOOKUP(C21, Combined, 'Imported Data'!T3:T1000)} -> 2
C22: =IFERROR(__xludf.DUMMYFUNCTION("""COMPUTED_VALUE"""),"Ciclopirox") -> Ciclopirox | D22: {=XLOOKUP(C22, Combined, 'Imported Data'!T3:T1000)} -> 4
C23: =IFERROR(__xludf.DUMMYFUNCTION("""COMPUTED_VALUE"""),"Cilostazol") -> Cilostazol | D23: {=XLOOKUP(C23, Combined, 'Imported Data'!T3:T1000)} -> 1
C24: =IFERROR(__xludf.DUMMYFUNCTION("""COMPUTED_VALUE"""),"Clemastine") -> Clemastine | D24: {=XLOOKUP(C24, Combined, 'Imported Data'!T3:T1000)} -> 3
C25: =IFERROR(__xludf.DUMMYFUNCTION("""COMPUTED_VALUE"""),"Clonidine") -> Clonidine | D25: {=XLOOKUP(C25, Combined, 'Imported Data'!T3:T1000)} -> 6
C26: =IFERROR(__xludf.DUMMYFUNCTION("""COMPUTED_VALUE"""),"Cyproheptadine") -> Cyproheptadine | D26: {=XLOOKUP(C26, Combined, 'Imported Data'!T3:T1000)} -> 6
C27: =IFERROR(__xludf.DUMMYFUNCTION("""COMPUTED_VALUE"""),"Desflurane") -> Desflurane | D27: {=XLOOKUP(C27, Combined, 'Imported Data'!T3:T1000)} -> 0
C28: =IFERROR(__xludf.DUMMYFUNCTION("""COMPUTED_VALUE"""),"Desloratadine") -> Desloratadine | D28: {=XLOOKUP(C28, Combined, 'Imported Data'!T3:T1000)} -> 5
C29: =IFERROR(__xludf.DUMMYFUNCTION("""COMPUTED_VALUE"""),"Desvenlafaxine") -> Desvenlafaxine | D29: {=XLOOKUP(C29, Combined, 'Imported Data'!T3:T1000)} -> 6
C30: =IFERROR(__xludf.DUMMYFUNCTION("""COMPUTED_VALUE"""),"Dexmedetomidine") -> Dexmedetomidine | D30: {=XLOOKUP(C30, Combined, 'Imported Data'!T3:T1000)} -> 2
C31: =IFERROR(__xludf.DUMMYFUNCTION("""COMPUTED_VALUE"""),"Dextromethorphan") -> Dextromethorphan | D31: {=XLOOKUP(C31, Combined, 'Imported Data'!T3:T1000)} -> 5
C32: =IFERROR(__xludf.DUMMYFUNCTION("""COMPUTED_VALUE"""),"Disopyramide") -> Disopyramide | D32: {=XLOOKUP(C32, Combined, 'Imported Data'!T3:T1000)} -> 1
C33: =IFERROR(__xludf.DUMMYFUNCTION("""COMPUTED_VALUE"""),"Eplerenone") -> Eplerenone | D33: {=XLOOKUP(C33, Combined, 'Imported Data'!T3:T1000)} -> 2
C34: =IFERROR(__xludf.DUMMYFUNCTION("""COMPUTED_VALUE"""),"Escitalopram") -> Escitalopram | D34: {=XLOOKUP(C34, Combined, 'Imported Data'!T3:T1000)} -> 6
C35: =IFERROR(__xludf.DUMMYFUNCTION("""COMPUTED_VALUE"""),"Ethambutol") -> Ethambutol | D35: {=XLOOKUP(C35, Combined, 'Imported Data'!T3:T1000)} -> 1
C36: =IFERROR(__xludf.DUMMYFUNCTION("""COMPUTED_VALUE"""),"Ethosuximide") -> Ethosuximide | D36: {=XLOOKUP(C36, Combined, 'Imported Data'!T3:T1000)} -> 2
C37: =IFERROR(__xludf.DUMMYFUNCTION("""COMPUTED_VALUE"""),"Felbamate") -> Felbamate | D37: {=XLOOKUP(C37, Combined, 'Imported Data'!T3:T1000)} -> 1
C38: =IFERROR(__xludf.DUMMYFUNCTION("""COMPUTED_VALUE"""),"Fexofenadine") -> Fexofenadine | D38: {=XLOOKUP(C38, Combined, 'Imported Data'!T3:T1000)} -> 5
C39: =IFERROR(__xludf.DUMMYFUNCTION("""COMPUTED_VALUE"""),"Flunarizine") -> Flunarizine | D39: {=XLOOKUP(C39, Combined, 'Imported Data'!T3:T1000)} -> 2
C40: =IFERROR(__xludf.DUMMYFUNCTION("""COMPUTED_VALUE"""),"Fluvoxamine") -> Fluvoxamine | D40: {=XLOOKUP(C40, Combined, 'Imported Data'!T3:T1000)} -> 6
C41: =IFERROR(__xludf.DUMMYFUNCTION("""COMPUTED_VALUE"""),"Gabapentin") -> Gabapentin | D41: {=XLOOKUP(C41, Combined, 'Imported Data'!T3:T1000)} -> 6
C42: =IFERROR(__xludf.DUMMYFUNCTION("""COMPUTED_VALUE"""),"gamma-Hydroxybutyric acid") -> gamma-Hydroxybutyric acid | D42: {=XLOOKUP(C42, Combined, 'Imported Data'!T3:T1000)} -> 2
C43: =IFERROR(__xludf.DUMMYFUNCTION("""COMPUTED_VALUE"""),"Glutamic acid") -> Glutamic acid | D43: {=XLOOKUP(C43, Combined, 'Imported Data'!T3:T1000)} -> 6
C44: =IFERROR(__xludf.DUMMYFUNCTION("""COMPUTED_VALUE"""),"Guanabenz") -> Guanabenz | D44: {=XLOOKUP(C44, Combined, 'Imported Data'!T3:T1000)} -> 1
C45: =IFERROR(__xludf.DUMMYFUNCTION("""COMPUTED_VALUE"""),"Guanfacine") -> Guanfacine | D45: {=XLOOKUP(C45, Combined, 'Imported Data'!T3:T1000)} -> 4
C46: =IFERROR(__xludf.DUMMYFUNCTION("""COMPUTED_VALUE"""),"Human immunoglobulin G") -> Human immunoglobulin G | D46: {=XLOOKUP(C46, Combined, 'Imported Data'!T3:T1000)} -> 2
C47: =IFERROR(__xludf.DUMMYFUNCTION("""COMPUTED_VALUE"""),"Hydroxyurea") -> Hydroxyurea | D47: {=XLOOKUP(C47, Combined, 'Imported Data'!T3:T1000)} -> 3
C48: =IFERROR(__xludf.DUMMYFUNCTION("""COMPUTED_VALUE"""),"Hydroxyzine") -> Hydroxyzine | D48: {=XLOOKUP(C48, Combined, 'Imported Data'!T3:T1000)} -> 6
C49: =IFERROR(__xludf.DUMMYFUNCTION("""COMPUTED_VALUE"""),"Insulin human") -> Insulin human | D49: {=XLOOKUP(C49, Combined, 'Imported Data'!T3:T1000)} -> 3
C50: =IFERROR(__xludf.DUMMYFUNCTION("""COMPUTED_VALUE"""),"Ketamine") -> Ketamine | D50: {=XLOOKUP(C50, Combined, 'Imported Data'!T3:T1000)} -> 0
C51: =IFERROR(__xludf.DUMMYFUNCTION("""COMPUTED_VALUE"""),"Levamisole") -> Levamisole | D51: {=XLOOKUP(C51, Combined, 'Imported Data'!T3:T1000)} -> 1
C52: =IFERROR(__xludf.DUMMYFUNCTION("""COMPUTED_VALUE"""),"Levetiracetam") -> Levetiracetam | D52: {=XLOOKUP(C52, Combined, 'Imported Data'!T3:T1000)} -> 4
C53: =IFERROR(__xludf.DUMMYFUNCTION("""COMPUTED_VALUE"""),"Lidocaine") -> Lidocaine | D53: {=XLOOKUP(C53, Combined, 'Imported Data'!T3:T1000)} -> 5
C54: =IFERROR(__xludf.DUMMYFUNCTION("""COMPUTED_VALUE"""),"Lisdexamfetamine") -> Lisdexamfetamine | D54: {=XLOOKUP(C54, Combined, 'Imported Data'!T3:T1000)} -> 3
C55: =IFERROR(__xludf.DUMMYFUNCTION("""COMPUTED_VALUE"""),"Loratadine") -> Loratadine | D55: {=XLOOKUP(C55, Combined, 'Imported Data'!T3:T1000)} -> 6
C56: =IFERROR(__xludf.DUMMYFUNCTION("""COMPUTED_VALUE"""),"Lovastatin") -> Lovastatin | D56: {=XLOOKUP(C56, Combined, 'Imported Data'!T3:T1000)} -> 6
C57: =IFERROR(__xludf.DUMMYFUNCTION("""COMPUTED_VALUE"""),"Memantine") -> Memantine | D57: {=XLOOKUP(C57, Combined, 'Imported Data'!T3:T1000)} -> 4
C58: =IFERROR(__xludf.DUMMYFUNCTION("""COMPUTED_VALUE"""),"Mepivacaine") -> Mepivacaine | D58: {=XLOOKUP(C58, Combined, 'Imported Data'!T3:T1000)} -> 0
C59: =IFERROR(__xludf.DUMMYFUNCTION("""COMPUTED_VALUE"""),"Metformin") -> Metformin | D59: {=XLOOKUP(C59, Combined, 'Imported Data'!T3:T1000)} -> 6
C60: =IFERROR(__xludf.DUMMYFUNCTION("""COMPUTED_VALUE"""),"Methsuximide") -> Methsuximide | D60: {=XLOOKUP(C60, Combined, 'Imported Data'!T3:T1000)} -> 1
C61: =IFERROR(__xludf.DUMMYFUNCTION("""COMPUTED_VALUE"""),"Methylprednisolone") -> Methylprednisolone | D61: {=XLOOKUP(C61, Combined, 'Imported Data'!T3:T1000)} -> 4
C62: =IFERROR(__xludf.DUMMYFUNCTION("""COMPUTED_VALUE"""),"Metoprolol") -> Metoprolol | D62: {=XLOOKUP(C62, Combined, 'Imported Data'!T3:T1000)} -> 6
C63: =IFERROR(__xludf.DUMMYFUNCTION("""COMPUTED_VALUE"""),"Metyrapone") -> Metyrapone | D63: {=XLOOKUP(C63, Combined, 'Imported Data'!T3:T1000)} -> 1
C64: =IFERROR(__xludf.DUMMYFUNCTION("""COMPUTED_VALUE"""),"Midodrine") -> Midodrine | D64: {=XLOOKUP(C64, Combined, 'Imported Data'!T3:T1000)} -> 5
C65: =IFERROR(__xludf.DUMMYFUNCTION("""COMPUTED_VALUE"""),"Misoprostol") -> Misoprostol | D65: {=XLOOKUP(C65, Combined, 'Imported Data'!T3:T1000)} -> 0
C66: =IFERROR(__xludf.DUMMYFUNCTION("""COMPUTED_VALUE"""),"Moclobemide") -> Moclobemide | D66: {=XLOOKUP(C66, Combined, 'Imported Data'!T3:T1000)} -> 1
C67: =IFERROR(__xludf.DUMMYFUNCTION("""COMPUTED_VALUE"""),"Nadolol") -> Nadolol | D67: {=XLOOKUP(C67, Combined, 'Imported Data'!T3:T1000)} -> 3
C68: =IFERROR(__xludf.DUMMYFUNCTION("""COMPUTED_VALUE"""),"Nalbuphine") -> Nalbuphine | D68: {=XLOOKUP(C68, Combined, 'Imported Data'!T3:T1000)} -> 0
C69: =IFERROR(__xludf.DUMMYFUNCTION("""COMPUTED_VALUE"""),"Naloxone") -> Naloxone | D69: {=XLOOKUP(C69, Combined, 'Imported Data'!T3:T1000)} -> 3
C70: =IFERROR(__xludf.DUMMYFUNCTION("""COMPUTED_VALUE"""),"Nitroglycerin") -> Nitroglycerin | D70: {=XLOOKUP(C70, Combined, 'Imported Data'!T3:T1000)} -> 0
C71: =IFERROR(__xludf.DUMMYFUNCTION("""COMPUTED_VALUE"""),"Oseltamivir") -> Oseltamivir | D71: {=XLOOKUP(C71, Combined, 'Imported Data'!T3:T1000)} -> 6
C72: =IFERROR(__xludf.DUMMYFUNCTION("""COMPUTED_VALUE"""),"Oxybutynin") -> Oxybutynin | D72: {=XLOOKUP(C72, Combined, 'Imported Data'!T3:T1000)} -> 1
C73: =IFERROR(__xludf.DUMMYFUNCTION("""COMPUTED_VALUE"""),"Oxymetazoline") -> Oxymetazoline | D73: {=XLOOKUP(C73, Combined, 'Imported Data'!T3:T1000)} -> 1
C74: =IFERROR(__xludf.DUMMYFUNCTION("""COMPUTED_VALUE"""),"Paricalcitol") -> Paricalcitol | D74: {=XLOOKUP(C74, Combined, 'Imported Data'!T3:T1000)} -> 1
C75: =IFERROR(__xludf.DUMMYFUNCTION("""COMPUTED_VALUE"""),"Pentobarbital") -> Pentobarbital | D75: {=XLOOKUP(C75, Combined, 'Imported Data'!T3:T1000)} -> 0
C76: =IFERROR(__xludf.DUMMYFUNCTION("""COMPUTED_VALUE"""),"Perphenazine") -> Perphenazine | D76: {=XLOOKUP(C76, Combined, 'Imported Data'!T3:T1000)} -> 0
C77: =IFERROR(__xludf.DUMMYFUNCTION("""COMPUTED_VALUE"""),"Phentolamine") -> Phentolamine | D77: {=XLOOKUP(C77, Combined, 'Imported Data'!T3:T1000)} -> 0
C78: =IFERROR(__xludf.DUMMYFUNCTION("""COMPUTED_VALUE"""),"Pilocarpine") -> Pilocarpine | D78: {=XLOOKUP(C78, Combined, 'Imported Data'!T3:T1000)} -> 0
C79: =IFERROR(__xludf.DUMMYFUNCTION("""COMPUTED_VALUE"""),"Praziquantel") -> Praziquantel | D79: {=XLOOKUP(C79, Combined, 'Imported Data'!T3:T1000)} -> 1
C80: =IFERROR(__xludf.DUMMYFUNCTION("""COMPUTED_VALUE"""),"Pregabalin") -> Pregabalin | D80: {=XLOOKUP(C80, Combined, 'Imported Data'!T3:T1000)} -> 4
C81: =IFERROR(__xludf.DUMMYFUNCTION("""COMPUTED_VALUE"""),"Primidone") -> Primidone | D81: {=XLOOKUP(C81, Combined, 'Imported Data'!T3:T1000)} -> 2
C82: =IFERROR(__xludf.DUMMYFUNCTION("""COMPUTED_VALUE"""),"Procaine") -> Procaine | D82: {=XLOOKUP(C82, Combined, 'Imported Data'!T3:T1000)} -> 0
C83: =IFERROR(__xludf.DUMMYFUNCTION("""COMPUTED_VALUE"""),"Progesterone") -> Progesterone | D83: {=XLOOKUP(C83, Combined, 'Imported Data'!T3:T1000)} -> 2
C84: =IFERROR(__xludf.DUMMYFUNCTION("""COMPUTED_VALUE"""),"Propofol") -> Propofol | D84: {=XLOOKUP(C84, Combined, 'Imported Data'!T3:T1000)} -> 0
C85: =IFERROR(__xludf.DUMMYFUNCTION("""COMPUTED_VALUE"""),"Propranolol") -> Propranolol | D85: {=XLOOKUP(C85, Combined, 'Imported Data'!T3:T1000)} -> 6
C86: =IFERROR(__xludf.DUMMYFUNCTION("""COMPUTED_VALUE"""),"Pseudoephedrine") -> Pseudoephedrine | D86: {=XLOOKUP(C86, Combined, 'Imported Data'!T3:T1000)} -> 3
C87: =IFERROR(__xludf.DUMMYFUNCTION("""COMPUTED_VALUE"""),"Pyridostigmine") -> Pyridostigmine | D87: {=XLOOKUP(C87, Combined, 'Imported Data'!T3:T1000)} -> 2
C88: =IFERROR(__xludf.DUMMYFUNCTION("""COMPUTED_VALUE"""),"Pyridoxine") -> Pyridoxine | D88: {=XLOOKUP(C88, Combined, 'Imported Data'!T3:T1000)} -> 6
C89: =IFERROR(__xludf.DUMMYFUNCTION("""COMPUTED_VALUE"""),"Quinine") -> Quinine | D89: {=XLOOKUP(C89, Combined, 'Imported Data'!T3:T1000)} -> 0
C90: =IFERROR(__xludf.DUMMYFUNCTION("""COMPUTED_VALUE"""),"Remifentanil") -> Remifentanil | D90: {=XLOOKUP(C90, Combined, 'Imported Data'!T3:T1000)} -> 0
C91: =IFERROR(__xludf.DUMMYFUNCTION("""COMPUTED_VALUE"""),"Rivastigmine") -> Rivastigmine | D91: {=XLOOKUP(C91, Combined, 'Imported Data'!T3:T1000)} -> 2
C92: =IFERROR(__xludf.DUMMYFUNCTION("""COMPUTED_VALUE"""),"Ropivacaine") -> Ropivacaine | D92: {=XLOOKUP(C92, Combined, 'Imported Data'!T3:T1000)} -> 0
C93: =IFERROR(__xludf.DUMMYFUNCTION("""COMPUTED_VALUE"""),"Sertraline") -> Sertraline | D93: {=XLOOKUP(C93, Combined, 'Imported Data'!T3:T1000)} -> 6
C94: =IFERROR(__xludf.DUMMYFUNCTION("""COMPUTED_VALUE"""),"Sevoflurane") -> Sevoflurane | D94: {=XLOOKUP(C94, Combined, 'Imported Data'!T3:T1000)} -> 0
C95: =IFERROR(__xludf.DUMMYFUNCTION("""COMPUTED_VALUE"""),"Succinic acid") -> Succinic acid | D95: {=XLOOKUP(C95, Combined, 'Imported Data'!T3:T1000)} -> 3
C96: =IFERROR(__xludf.DUMMYFUNCTION("""COMPUTED_VALUE"""),"Terbinafine") -> Terbinafine | D96: {=XLOOKUP(C96, Combined, 'Imported Data'!T3:T1000)} -> 2
C97: =IFERROR(__xludf.DUMMYFUNCTION("""COMPUTED_VALUE"""),"Tramadol") -> Tramadol | D97: {=XLOOKUP(C97, Combined, 'Imported Data'!T3:T1000)} -> 1
C98: =IFERROR(__xludf.DUMMYFUNCTION("""COMPUTED_VALUE"""),"Tranexamic acid") -> Tranexamic acid | D98: {=XLOOKUP(C98, Combined, 'Imported Data'!T3:T1000)} -> 2
C99: =IFERROR(__xludf.DUMMYFUNCTION("""COMPUTED_VALUE"""),"Tretinoin") -> Tretinoin | D99: {=XLOOKUP(C99, Combined, 'Imported Data'!T3:T1000)} -> 3
C100: =IFERROR(__xludf.DUMMYFUNCTION("""COMPUTED_VALUE"""),"Triamcinolone") -> Triamcinolone | D100: {=XLOOKUP(C100, Combined, 'Imported Data'!T3:T1000)} -> 6
...
